review,period,sentiment,ux_category,detail
스티어 기능이 더 많아지고 무엇보다 스티커 크기만 조절할 수 있는게 아닌 상하좌우 등 돌리기 기능이 있으면 스티커를 좀 더 자연스럽게 연출 할 수 있을거 같아요 ,04기,부정,꾸미기 기능 부족,스티커
안드로이드/ 글씨나 스티커 회전이 됐으면 좋겠습니다ㅠㅠ ,04기,부정,꾸미기 기능 부족,스티커
"그리도 프로필에 저는 왜 이메일 입력이 안될까요,,카카오 계정이라 그런건가요?? 쨌든 이메일 입력이 안됩니다!",04기,부정,기타,기타
스토리 게시할때 렉이 너무 자주걸려요. ,04기,부정,앱 성능/안정성,앱멈춤
꾸미는 스티커가 너무 한정적이고 회전이 안되서 꾸미기가 불편해요.,04기,부정,꾸미기 기능 부족,스티커
스토리 올릴때 글을 쓸 수 있음 좋겠어요.,04기,부정,소통 기능 부족,커뮤니티기능
타임라인에 보이는 썸네일에서 사진이 크롭되서 나오는것보단 본인이올린 사진 크기만큼 다 나오는게 예쁜것같아요,04기,부정,기타,기타
앞으로잘부탁드리겠습니당!❤️❤️,04기,긍정,기타,기타
예전에 두둥둥장 있었는데 없어졌나요? 귀여웠는데 다시 생겼으면 좋겠어요! 아이폰 13,04기,부정,꾸미기 기능 부족,레이아웃
(애플 아이폰13프로) 업로드 할때 게시 버튼 누르면 어플이 완료화면으로 안넘어가요 ㅠㅠ 껐다 키면 게시는 되어있어요! ,04기,부정,앱 성능/안정성,앱멈춤
그리고 스티커 회전기능도 있으면 좋을것 같아요!! 감사합니다❤️,04기,부정,꾸미기 기능 부족,스티커
안드로이드 갤럭시S22 사진 꾸미고 난 후 게시버튼을 누르면 화면이 지지직 하거나 카메라가 갑자기 켜지는 등 오류가 나요ㅠㅠ,04기,부정,앱 성능/안정성,앱멈춤
애플 - 사진을 올리고 나면 올라갔다는 표시 없이 원본 사진이 뜹니다. 그리고 어플이 껐다 다시 켜야지만 올렸는지가 확인이 가능합니다ㅠㅠ,04기,부정,앱 성능/안정성,앱멈춤
애플(아이폰 12) : 스토리 게시할 때 오류가 종종 발생하더라구요. 꾸미기 끝내고 게시하기 버튼을 누르면 카메라 화면으로 전환되면서 화면이 멈췄어요. 앱을 완전히 종료 후 다시 들어오면 제대로 게시가 되어 있지만 이런 오류가 몇번 발생하더라구요ㅠ,04기,부정,앱 성능/안정성,앱멈춤
그리고 꾸미기 레이아웃이 더 다양해졌으면 좋겠어요!!,04기,부정,꾸미기 기능 부족,레이아웃
스키커도 회전 같은게 되면 좋을텐데 안되어서 사진에 다양한 구도로 넣을 수 없다는게 아쉬워서 그부분도 개선되었으면 좋겠고 텍스트도 이모티콘 삽입 되었으면 좋겠어요. 마지막으로 그리기? 도구나 도장?도구 같은것도 있으면 더 다양하게 꾸밀 수 있을 것 같은 느낌??,04기,부정,꾸미기 기능 부족,스티커
앞으로도 잘 부탁드려용❤️ 건강 조심하시구 좋은 하루 되세용!!!,04기,긍정,기타,기타
일단 4기에 또 참가할 수 있게 되어 너무 기쁩니다! 앞으로 더 활발한 스꾸친4기 되도록하겠습니다!!,04기,긍정,기타,기타
1. 업로드 게시하기 버튼을 누르고 난 후 어플 튕김 현상이 일어납니다. 게시는 가능했으나 게시 후 게시 버튼을 눌러도 화면이 바뀌지않고 화면이 그대로인 상태입니다. 다시 구동하여야만 어플을 사용 할 수있었습니다.,04기,부정,앱 성능/안정성,앱멈춤
2. 스티커의 기울기나 좌우 반전이 되지 않는 점이 아쉬웠습니다. 예를 들어 말머리 스티커를 사용하여 꾸미고싶은데 사진에 따라서 인물이 한쪽으로 치우치는 경우가 생기는데 말머리의 좌우변경이 되지않아서 다른 스티커를 사용해야했던 점과 기울기도 마찬가지로 인물이 정자세가 아닐 경우 볼터치 같은 블러셔를 기울어서 사용하고 싶지만 그렇지 못한점이 아쉬웠습니다,04기,부정,꾸미기 기능 부족,스티커
안드로이드 / AR카메라 어플 실행시 종종 까만화면만 나옵니다 ㅜㅜ,04기,부정,앱 성능/안정성,앱멈춤
아이폰. 어플 반응이 너무느려요,04기,부정,앱 성능/안정성,속도
사진저장하기 누르면 바로 업로드 되는게 안보여서 앱을 새로시작하면 업로드 되어있어요 ㅠㅠ 안드로이드 입니다,04기,부정,앱 성능/안정성,앱멈춤
OS:애플 / 작동이 매우 느리더라구요 ㅠㅠ 스토리를 올린 후 다음 과정에 텀이 넘 길어서 처음엔 에러가 난줄 알고 계속 껐다 다시 키고 그랬어요ㅠㅠ,04기,부정,앱 성능/안정성,속도
아직까지 없습니당 ㅎㅎ감사합니다!!,04기,긍정,기타,기타
뽑아줘서 감사합니당!아직까지 오류상황은없습니다 감가합니다,04기,긍정,기타,기타
"반갑습니다! 
저는 안드로이드인데, 피드랑 스토리에 사진이 안뜰때가 많아요...ㅠㅠ 계속 껐다키기를 반복하게되네요..! ",04기,부정,기타,기타
"그리고 텍스트입력시 이모티콘은 안되는점,",04기,부정,꾸미기 기능 부족,텍스트
사진 자르기 기능 있으면 더 편할것같아요!,04기,부정,기타,기타
안드로이드 / 앱 로딩이 좀 긴 편인데 원래 그런가요?,04기,부정,앱 성능/안정성,속도
"몸무게 10 이상 입력이 안되어요,",04기,부정,기타,기타
닉네임 재 변경은 한 달 기다려야한다는데 이 부분이 닉네임 설정 당시 안내되었으면 합니다.,04기,부정,기타,기타
"1주 미션하면서 즐거운 마음이었어요~^^ 
요즘 스몰스 사진 꾸미면서 콜라와의 추억도 다시 생각나고 힐링되고 너무 즐거워요.",04기,긍정,기타,기타
애플/앱초기 로딩시간이 좀 길어요.,04기,부정,앱 성능/안정성,속도
주기적으로 더 다양한 스티커가 많이 올라왔으면 좋겠어요.(주1~2개씩),04기,부정,꾸미기 기능 부족,스티커
"태마 스티커가 많아 졌으면 좋겠어요.(학교-학생, 직업-제복, 계절-봄여름가을겨울, 캠핑 등) ",04기,부정,꾸미기 기능 부족,스티커
스티커 회전도 되었으면 좋겠어요. (디테일하게 표현 할수있으면 더 실감나는 꾸미기가 될거같아요) ,04기,부정,꾸미기 기능 부족,스티커
무드라이브러리 에 관한 자세한 사용설명도 공지나 사용설명서로 부탁드려보아요.,04기,부정,기타,기타
감사합니다 안드로이드,04기,긍정,기타,기타
감사합니당ㅎㅎ,04기,긍정,기타,기타
일댠 사진 저장이 안됩니다. 그래서 캡쳐했어요. ,04기,부정,기타,기타
이미지 저장방법을 몰라 한참 헤메었네요 😭‼️ ,04기,부정,기타,기타
레이아웃기능 너무 귀여워요!,04기,긍정,꾸미기 기능 부족,레이아웃
이미지와 함께 텍스트가 올라가면 좋을것 같아요 😉♥️ ,04기,부정,기록 경험 불편,스토리작성
그리고 다른 강아지 이미지에 주절주절 주접떨고싶지만 30자 은근 짧은것.. ,04기,부정,소통 기능 부족,댓글
그리고 발바닥미션하면서 이미지를 180도로 뒤집었더니 스티커도 뒤집혀 나오더라구요! 이점은 오류에 가깝지 않을까 했어요! ,04기,부정,기타,기타
아 그리구 최근탭으로 가도 29일 전 피드가 떠서 최신과 추천피드랑 구분이 안되는 것 같아 아쉬워요 😭 ,04기,부정,기타,기타
불많이 많기보다 너무 좋은 앱같아서 계속 만져보다보니 생기던 생각들 보내옵니다.. 🥺✨️❤️ 운영자님 늦어서 죄송하구 감사합니닷 ‼️😉♥️,04기,긍정,기타,기타
글자수가 자동으로 넘어가서 길게 못쓰는게 너무 아쉬워요!!,05기,부정,꾸미기 기능 부족,텍스트
저 다양한 레이아웃이 있으면 좋을꺼같아요,05기,부정,꾸미기 기능 부족,레이아웃
고양이 친구들 추가돼서 좋아용 너무 귀여워요❤️❤️,05기,긍정,기타,기타
영상도 간단한 편집 기능 있으면 좋겠어용,05기,부정,꾸미기 기능 부족,영상편집
스티커 제한수 요!! 귀여운스티커 마구 쓰고싶은데 5개 제한 아쉬워요>.<,05기,부정,꾸미기 기능 부족,스티커
고양이 레이아웃이 더 많아지면 좋겠어요,05기,부정,꾸미기 기능 부족,레이아웃
피곤한강아지가 행복한 강아지 (피개행개) 스트커 잇엇으면 좋겟어용,05기,부정,꾸미기 기능 부족,스티커
텍스트 테두리가 있으면 좋겠다 생각했습니다! 테두리를 컬러선택과 두껍고 얇게 조종할 수있게 되어있으면 좋겠어요~,05기,부정,꾸미기 기능 부족,텍스트
정방형 (1:1비율) 그대로 사진이 업로드되지 않는 점이 조금 아쉬워요ㅠㅠ 정방형 사진을 올리려고 하면 위아래 검은 부분이 저절로 생겨서 사진이 안예뻐지네요ㅠㅠ,05기,부정,기타,기타
재미있는 스티커 더 많이 볼수있으면 좋겠어요~겨울시즌 스티커 예쁜게 많이 올려주세요~,05기,부정,꾸미기 기능 부족,스티커
사진꾸미기 갤러리 선택할때 오류가 있었는데 오류가 없어진거 같아 좋아요~,05기,긍정,기타,기타
사진을 확대 하는 기능이 있으면 좋을 것 같아요~,05기,부정,기타,기타
사진을 확대 하는 기능이 있으면 좋을 것 같아요~,05기,부정,기타,기타
스티커가 거 많았으면 좋겠어요!,05기,부정,꾸미기 기능 부족,스티커
그리기 기능도 있으면 훨씬 좋을 것 같아용!!,05기,부정,기타,기타
영상 업로드가 너무 느려서 답답할 때가 있습니다 ㅠㅠ,05기,부정,앱 성능/안정성,속도
동영상 업로드 시간이 너무 오래 걸리는 것 같습니다.,05기,부정,앱 성능/안정성,속도
어플 열림 등의 시간이 너무 오래 걸리는 것 같습니다.,05기,부정,앱 성능/안정성,속도
앱 시작할 때까지 시간이 꽤 걸려요 업데이트 확인을 너무 자주 하는 ..?,05기,부정,앱 성능/안정성,속도
동영상 업로드가 느리고,05기,부정,앱 성능/안정성,속도
카메라 반응이 사아아알짝 느립니다💖,05기,부정,앱 성능/안정성,속도
"캐릭터에 믹스견도 다양하게 있었으면 좋겠습니다.
아이가 시바견이랑 좀 닮아서 시바견으로 하고있는데 믹스견에 포메라이언?스피치?인 아이가 있어서 아쉽네요...!",05기,부정,기록 경험 불편,묘종/견종추가
업로드 후 렉걸리는것..ㅜㅜ(까만화면),05기,부정,앱 성능/안정성,앱멈춤
아직두화면이까매지는 현상이있구,05기,부정,앱 성능/안정성,앱멈춤
저 알림이 안뜹니당!!,05기,부정,기록 경험 불편,알림
사진을 꾸미고 나서 업로드하는 과정에서 검은 화면이 뜨면서 오랫동안 로딩이 안되거나 앱을 다시 재부팅해야할 때가 있어 불편함을 느꼈습니다 ㅠㅠ,05기,부정,앱 성능/안정성,앱멈춤
이용도중 갑자기 블랙화면이 되거나 화면이 멈춰서 몇번 껐다 다시 킨적이 있었어요ㅠㅜ,05기,부정,앱 성능/안정성,앱멈춤
사진을 올리고 나면 앱이 까맣게 변해버리는 증상이 자꾸 반복되요😂😂,05기,부정,앱 성능/안정성,앱멈춤
"미션 수행이 너무너무 복잡하고 불편합니다. 조금더 편하게 URL을 입력한다던지, 영상업로드 방식이 개선된다던지, 다양한 어플의 개선이 필요해 보입니다.",05기,부정,기타,기타
사진과 동영상 업로드시에 사진과 동영상의 내용을 작성 할 수 있으면 더 좋을거같아요! ,05기,부정,기록 경험 불편,스토리작성
저는 깔끔한 피드를 선호하는 편이라서 많은 스티커는 사용하지않았습니다.,05기,부정,꾸미기 기능 부족,스티커
"애완견, 애완묘들의 소통공간인거 같아서 좋은데 텍스트 쓰는 설정이 있었으면 좋겠어요!",05기,부정,기록 경험 불편,스토리작성
사진과 동영상 업로드 외에 정보공유도 할 수 있으면 좋을거같아요! 사진과 동영상만 보려고 어플을 사용하지는 않을거 같아서 어플에 많은 정보를 얻어갈수있으면 정말 좋을거 같습니다! 수고하세요!,05기,부정,기타,기타
다묘 넣을 수 있게 해주세용,05기,부정,기타,기타
본문보다는 사진 꾸밈으로만 소통가능,05기,부정,기타,기타
스토리 볼때 하나하나 선택해서 보는방법 말고 이어서 쭉 올리며 볼수있는 방법도 있었으면 좋겠어요(콜라님 의견),05기,부정,기타,기타
알림에서 댓글을 눌렀을때 어떤 댓글을 달았는지 바로 들어가졌으`면 좋겠어요,05기,부정,기록 경험 불편,알람
스몰스 덕에 귀엽고 사랑스러운 댕냥이 친구 많이 만나고 소통해서 좋았습니다~^^,05기,긍정,기타,기타
" UI가 단순하고, 사진만 올려도 되니까 편리했습니다",05기,긍정,꾸미기 기능 부족,UIUX
카메라 구동시 작동이 느림. 30초 가량 걸렸음. (갤럭시20울트라 사용),05기,부정,앱 성능/안정성,속도
A의 게시물 누르면 B의 게시물이 뜰 때가 있음.,05기,부정,기타,기타
팔로워 알림이 있으면 좋을 것 같음.,05기,부정,기록 경험 불편,알람
본문에 텍스트를 넣을 수 없는게 아쉬움.,05기,부정,기록 경험 불편,스토리작성
댓글 50자 이하 제한 아쉬움.,05기,부정,소통 기능 부족,댓글
프로필 소개글 20자 제한 아쉬움.,05기,부정,기타,기타
스티커와 효과들이 다소 올드하게 느껴짐. (특히 필터는 싸이월드 느낌),05기,부정,꾸미기 기능 부족,스티커
"심미적으로 볼때 전체적으로 앱 디자인이 아쉬움. 깔끔하고 심플하지만, 요즘말로 표현하자면 갬성이 없음.",05기,부정,기타,기타
고양이 캐릭터가 별로 없음 (랙돌 만들어주세요ㅜㅜ),05기,부정,기록 경험 불편,묘종/견종추가
팅김현상 등 몇가지 불편한 사항이 있기는 하였으나,05기,부정,앱 성능/안정성,앱멈춤
앱 초기임을 감안하면 사용하기 아주 편리하고 재밌다는 생각이 들었습니다. ,05기,긍정,기타,기타
앞으로 다양한 스티커등을 지속적으로 추가하면 사용자가 많이 늘어날것 같아요.,05기,부정,꾸미기 기능 부족,스티커
"사진에 대한 내용을 쓸 수 있는 기능, ",05기,부정,기록 경험 불편,스토리작성
"인스타그램이나 블로그 등 타 sns 링크를 걸 수 있는 기능, ",05기,부정,기록 경험 불편,공유
"글에 대한 분류(예를 들어 카테고리, 해시태그 등)을 통한 검색 기능, ",05기,부정,기타,기타
반려동물 관련 질문과 답변을 해줄수 있는 공간등 정보를 서로 나눌 수 있는 기능이 있으면 좋겠습니다.,05기,부정,소통 기능 부족,커뮤니티기능
댓글이 50자 이상 작성이 안돼서 리댓으로 달아야 하는 점. ,05기,부정,소통 기능 부족,댓글
동영상 올릴 때 인코딩이 좀 오래 걸리는 듯 합니다. ,05기,부정,소통 기능 부족,댓글
사진 올리고 나서 갑자기 한번씩 화면이 까매지고 멈춰서 앱을 닫았다가 다시 열어야 합니다. ,05기,부정,앱 성능/안정성,앱멈춤
레이아웃 디자인이 조금 더 깔끔하면서 컨셉이 다양하면 꾸미는 재미가 더 있을듯합니다. ,05기,부정,꾸미기 기능 부족,레이아웃
글씨 쓸때 좌우너비 조정이 잘 안되어서 행갈이를 꼭 해야하더라고요. 이게 좀 불편합니다.,05기,부정,꾸미기 기능 부족,텍스트
업로드 과정이 빨리 개선되었으면 좋겠습니다,05기,부정,앱 성능/안정성,앱멈춤
업로드를 위해 사진을 누르면 약간에 딜레이가 생겨요,05기,부정,앱 성능/안정성,속도
스티커가 다양하고 2D여도 좋으니 다양하면 더 좋을 것 같아요,05기,부정,꾸미기 기능 부족,스티커
업데이트를 하고 개선을 하는 부분은 너무 좋은데 5g지만 렉이 항상 심해요.. ㅜㅜ,05기,부정,앱 성능/안정성,앱멈춤
그리고 사진과 영상이 매끄럽게 올라가지 않아서 불편한 것같아요!,05기,부정,앱 성능/안정성,앱멈춤
게시물도 3줄정도 글도 같이 써서 올릴 수 있게 되면 좋겠어요,05기,부정,기록 경험 불편,스토리작성
텍스트 쓰는 설정이 있었으면 좋겠어요!,05기,부정,기록 경험 불편,스토리작성
알림이 잘 안울려요 ㅠㅠ,05기,부정,기록 경험 불편,알람
동영상도 저장되면좋을거같아욤!,05기,부정,기록 경험 불편,공유
하트 누른 사람을 볼수 있는 기능이 있었으면 좋겟습니당~~,05기,부정,기타,기타
지금은 딱히 없어요!,05기,긍정,기타,기타
없습니당,05기,긍정,기타,기타
"지정영상, 지정사진 미션 정말 재밌어요!",05기,긍정,기타,기타
개선된점이 많아서 현재 불편한점은 없어요>.<,05기,긍정,기타,기타
너무 귀여워여 ❤️,05기,긍정,기타,기타
팔로우 맺은 친구들만 따로 볼수있는 기능,05기,부정,기타,기타
강아지 고양이 게시글 분리 기능,05기,부정,기타,기타
발전하고 있는 모습이 보입니다 수고 많으십니다!,05기,긍정,기타,기타
달력기능이 생겨서 일기장처럼 요일별로 모아보는 기능도 있으면 좋겠어요. ,05기,부정,기타,기타
그리고 사진도 여러장 넘기는식으로 올릴 수 있으면 더 볼거리가 많지 않을까 하는 제안 드립니다.,05기,부정,기록 경험 불편,스토리작성
겨울 시즌 스티커도 얼른 나왔으면 좋겠어요,05기,부정,꾸미기 기능 부족,스티커
다양한 스티커요! 이니셜 스티커도 필요해요~!,05기,부정,꾸미기 기능 부족,스티커
글씨폰트와 파스텔 칼라가 더 많아졌으면 좋겠고 글씨테두리 기능도 았었으면 좋겠어요!,05기,부정,꾸미기 기능 부족,텍스트
고양이를꾸밀수있는 레이아웃을 더마니만들어주세용,05기,부정,꾸미기 기능 부족,레이아웃
동영상을짤라서올리는기능도있음 좋겠어요~,05기,부정,꾸미기 기능 부족,영상편집
텍스트 입력할때 수직이나 수평을 맞출 수 있었음 좋겠습니다 ,05기,부정,꾸미기 기능 부족,텍스트
스티커 갯수제한이 없으면 좋겠어요. ,05기,부정,꾸미기 기능 부족,스티커
크리스마스 스티커 만들어주세요.>.< 감사합니다~건강조심 감기조심하시고 수고하세요~ : ),05기,부정,꾸미기 기능 부족,스티커
스티커가 좀 더 다양했으면 좋겠습니다 :) 곧 크리스마스니까 크리스마스 컨셉 원해욥!!,05기,부정,꾸미기 기능 부족,스티커
"댓글의 댓글에 댓글을 남기고 싶어요 
댓글의 댓글에 댓글을 남기면 제일 위에 댓글에 남긴게 되더라구요 ",05기,부정,소통 기능 부족,댓글
댓글을 더 길게 작성하고 싶어요~ (50자...제한 ㅠㅠ),05기,부정,소통 기능 부족,댓글
인스타그램처럼 사진 밑에 설명글을 쓸 수 있으면 좋겠어요. 지금은 사진설명을 댓글로 써야 해서 약간 불편합니다.,05기,부정,기록 경험 불편,스토리작성
영상 업로드 느림,05기,부정,앱 성능/안정성,속도
사진올릴려고하면 로딩이 너무 느리고 ,05기,부정,앱 성능/안정성,속도
무엇보다 어플 상태가 많이 느립니다.,05기,부정,앱 성능/안정성,속도
카메라 로딩 시간이 길어요!,05기,부정,앱 성능/안정성,속도
앱 여는데 시간이 많이 걸려서 불편해용 ㅠㅠ,05기,부정,앱 성능/안정성,속도
알림이 ㅠㅠㅠ 바로 안뜨네용,05기,부정,기록 경험 불편,알람
올리는 도중 블랙아웃이되어요,05기,부정,앱 성능/안정성,앱멈춤
사진업로드시 튕김과 화면이 나가는 현상이 있어요! 재접속해야하는 불편함이 있습니다! ,05기,부정,앱 성능/안정성,앱멈춤
사진 업로드시 까만 화면 오류,05기,부정,앱 성능/안정성,앱멈춤
등록시 먹통현상,05기,부정,앱 성능/안정성,앱멈춤
사진 꾸미기 후 검은 화면이 계속 나와서 조금 불편합니다ㅠㅠ,05기,부정,앱 성능/안정성,앱멈춤
영상올리려고하면 어플이 강제종료되는게 나타납니다,05기,부정,앱 성능/안정성,앱멈춤
앱이 자주 렉 걸리는것 같아요,05기,부정,앱 성능/안정성,앱멈춤
가끔 렉걸리는 거 제외하면 좋습니다,05기,부정,앱 성능/안정성,앱멈춤
업로드 시 까만 화면이 뜨는 렉이 지속됩니다.,05기,부정,앱 성능/안정성,앱멈춤
아직도 사진을 올리면 검정색화면으로 바껴요 !! ㅠㅠ,05기,부정,앱 성능/안정성,앱멈춤
캐릭터 수정이 안되는 게 아직 안 고쳐졌어요🥹 몰리도 캐릭터 만들고싶어요🥹,05기,부정,기타,기타
사진이나 영상 업로드할때 자꾸 검은 화면이 뜨고 아무것도 안돼요. ,05기,부정,앱 성능/안정성,앱멈춤
그리고 사진 여러장을 올릴 수 있었으면 좋겠어요,05기,부정,기록 경험 불편,스토리작성
사진 외에 글로 소통할수 있는 기능 있었으면 좋겠어요~!,05기,부정,소통 기능 부족,커뮤니티기능
"스티커 회전,,!!!!!!!제발요!!!",04기,부정,꾸미기 기능 부족,스티커
안드로이드 갤럭시S22 ! 스티커가 다양했으면 좋겠습니다 각도조정도 가능해지면 좋겠습니다 ㅎㅎ,04기,부정,꾸미기 기능 부족,스티커
레이아웃 너무 귀여워요~,04기,긍정,꾸미기 기능 부족,레이아웃
없습니다,04기,긍정,기타,기타
스티커 회전기능 추가해주세요..,04기,부정,꾸미기 기능 부족,스티커
그리고 말풍선도 추가해주심 좋을것같아요 / 애플,04기,부정,꾸미기 기능 부족,스티커
스티커도 추가해주세욤!!/애플 아이폰xr ,04기,부정,꾸미기 기능 부족,스티커
좋아용,04기,긍정,기타,기타
스티커를 이용해서 꾸미고 올리면 자주 멈춰요ㅠㅠ,04기,부정,앱 성능/안정성,앱멈춤
레이아웃 너무 귀여워요♡,04기,긍정,꾸미기 기능 부족,레이아웃
스티커 회전기능 원해요♡ ,04기,부정,꾸미기 기능 부족,스티커
"https://m.blog.naver.com/emandoo1221/222855068462
블로그에 어플 소개해보았는데 링크 함께 첨부해용❤️",04기,긍정,기타,기타
스티커가 좀 회전을 하면 좋겠어요 각도맞추기가 어려워요,04기,부정,꾸미기 기능 부족,스티커
어서빨리 안정화가 되었으면 좋겠어요~,04기,부정,기타,기타
전보다 나아진것 같아요!!!!,04기,긍정,기타,기타
스티커도 더 만들어주세요 ,04기,부정,꾸미기 기능 부족,스티커
AR카메라 키면 앱재시작이 종종 됩니다 / 안드로이드,04기,부정,앱 성능/안정성,앱멈춤
처음 앱실행할때 리소스 다운로드에 실패하였습니다. 라는 표시와 함께 멈출때가 많아요. ,04기,부정,앱 성능/안정성,앱멈춤
스티커가 좌우대칭 바뀌는 기능이 있으면 좋겠어요.,04기,부정,꾸미기 기능 부족,스티커
텍스트 글꼴이 많아졌으면 좋겠어요. (휴대폰기종: 애플),04기,부정,꾸미기 기능 부족,텍스트
안드로이드 갤22 예요! 흑흑 취지나 귀여움 다 좋지만 업로드할 때마다 자꾸 멈춰서 요즘은 업로드 하고 강종하고 업로드 되었는지 확인하곤합니다 ㅠㅠ,04기,부정,앱 성능/안정성,앱멈춤
그리구 마친 오늘 유심갈면서 배터리부분 체크했는데 스몰스앱이 비정상적으로 많이 차지해서 과열되는 현상이 있다고 하네요! 참고하시면 좋을 것 같아 작성합니다 ☺️♥️♥️,04기,부정,기타,기타
"애플 사용자입니다! 업로드시 앱 튕김현상이 있고, 다시 로그인을해야 하는 오류가 있었습니다. 업로드도 되어있지않았구요ㅠ 두번의 시도끝에 업로드가 되었다는 점 공유해드립니다!!",04기,부정,앱 성능/안정성,앱멈춤
애플/ 다양한 스티커와 레이아웃이 더더 추가되었으면 좋겠어용!!,04기,부정,꾸미기 기능 부족,레이아웃
안드로이드 / 게시글 최신 순으로 보고싶은데 최신 탭 눌러도 최신 순으로 보이지 않아요,04기,부정,기타,기타
어플사용시 버벅거립니다. 애플 아이폰 13유저,04기,부정,앱 성능/안정성,속도
요즘 레이아웃이랑 스티커로 꾸미는 재미에 빠졋어용 감사합니당,04기,긍정,꾸미기 기능 부족,레이아웃
로딩이 너무 느려요 ㅠㅠ,04기,부정,앱 성능/안정성,속도
레이아웃 더 다양해졌으면 좋겠어요옹 귀여운거 넘 좋아여,04기,긍정,꾸미기 기능 부족,레이아웃
감사합니다!,04기,긍정,기타,기타
동영상 음소거기능이요,04기,부정,꾸미기 기능 부족,영상편집
오산완 같은 힙한 유행어 레이아웃 더 생겻으면 좋겟어요!!,04기,부정,꾸미기 기능 부족,레이아웃
좋습니당,04기,긍정,기타,기타
감사해요,04기,긍정,기타,기타
꾸밀수 있는 것들이 다 다양해지면 좋겠아요^^ ,04기,부정,기타,기타
그리고 안정화가 좀 더 잘되길 바래요~,04기,부정,기타,기타
스티커랑 글자 회전 가능해진거 너무 좋아요!!!❤️,04기,긍정,꾸미기 기능 부족,스티커
시즌 스티커가 다양해졌으면 좋겠어요ㅎㅎ글씨색 변경두요!,04기,부정,꾸미기 기능 부족,스티커
항상감사합니다💖 좋은하루되세욤💖,04기,긍정,기타,기타
감사합니다:),04기,긍정,기타,기타
레이어 설정시 아래쪽있는걸 선택하려고 하면 선택이 안됩니다. 무조건 앞줄에 어떤 걸 선택 후 아랫쪽으로 내려야지만 가능해요 ㅠㅜ 아이폰입니다!,04기,부정,꾸미기 기능 부족,레이아웃
영상에도 텍스트 쓸 수 있었으면 좋게써요ㅠㅠ,04기,부정,꾸미기 기능 부족,영상편집
앱을 들어갈때마다 다운로드? 시간이 너무 오래걸려용 ㅠ ,04기,부정,앱 성능/안정성,속도
동영상 추가 되고나서 더 좋아진거같아용ㅎㅎ,04기,긍정,기타,기타
업로드 후 화면이 까매지면서 렉이 걸려요! / 애플,04기,부정,앱 성능/안정성,앱멈춤
귀여운 스티커가 회전도 되고 너무 좋아요>.< ,04기,긍정,꾸미기 기능 부족,스티커
로딩 및 오류가 심함(사진 업로드 시 검은 화면),04기,부정,앱 성능/안정성,앱멈춤
"글자 크기 조절(사각틀 조절 아닌 글자 크키, 한 줄에 한 문장이 들어갈 수 있게)",04기,부정,꾸미기 기능 부족,텍스트
없음,04기,긍정,기타,기타
영상 업로드후 어플 꺼짐현상은 계속되고있어요~~,04기,부정,앱 성능/안정성,앱멈춤
다른 친구들의 귀여운 영상 사진을 볼수있고 소통할수있어서 좋아요~,04기,긍정,기타,기타
갤러리 사진꾸미기하려고 사진 버튼 누르면 모든 키가 안눌리고 멈춰요 ,04기,부정,앱 성능/안정성,앱멈춤
앱을 끄고 다시 실행하기를 여러번 반복해야 그때 버튼이 눌리고 실행이 되는 오류가 자주 발생해요 ,04기,부정,앱 성능/안정성,앱멈춤
재미있고 귀여운 스티커가 더 많이 나왔으면 좋겠어요,04기,부정,꾸미기 기능 부족,스티커
다양한 텍스트가 추가되었으면 좋겠어요 늘 감사합니다~수고하세요^^,04기,부정,꾸미기 기능 부족,텍스트
어플이 꺼졌다 켜지는 모션이 종종 있어요!,04기,부정,앱 성능/안정성,앱멈춤
감사합니당 ㅎㅎ스몰스를 하게되어서 정말좋아요,04기,긍정,기타,기타
동영상 업로드 기능 짱 좋아용!!,04기,긍정,기타,기타
이번주 늦어서 죄송합니다 ㅜㅜ 몰아서 올려서 반성하는 맘으로 오늘부터 다시 열심히 하게쑴닷!!!,04기,긍정,기타,기타
늦어서 죄송해요 다음부터는 제때 제출 하도록하겠습니다,04기,긍정,기타,기타
동영상 음소거모드 됬음 좋겠어요~,04기,부정,꾸미기 기능 부족,영상편집
감사합니다! ,04기,긍정,기타,기타
감사합니다,04기,긍정,기타,기타
레이아웃 글씨수정이나 색 변경같은 디테일한 부분도 생기면 더 좋을것같아요,04기,부정,꾸미기 기능 부족,텍스트
예전에는 랙도 많이 걸리구 잘 안넘어가구 그랬는데 요즘은 많이 개선이 되어서 사용하기 넘 좋아요♡ ,04기,긍정,기타,기타
올리는데 팅기는 현상이 있었어요~! 아이폰12pro ,04기,부정,앱 성능/안정성,앱멈춤
사진 올릴때 종종 에러가 나서 다 꾸며놨는데 어플이 다운되어버려요ㅠ,04기,부정,앱 성능/안정성,앱멈춤
불편한점 없어용,04기,긍정,기타,기타
감사합니다,04기,긍정,기타,기타
넘넘 조아요 ! 강아지 추억 남기기 좋네용ㅎㅎ,04기,긍정,기타,기타
우리아기사진을 보면서 감회가 새롭네용,04기,긍정,기타,기타
곰돌이 귀나 토끼귀 가로로 조금더 좁혀졋으면 좋겟습니당!!,04기,부정,꾸미기 기능 부족,스티커
항상 귀여운 친구들 볼 수 있게 노력해주셔서 감사해용✌️,04기,긍정,기타,기타
안정화가 되는 그날까지!! 화이팅!!,04기,부정,기타,기타
다양한 레이아웃이랑 스티커가있었으면좋겠어요,04기,부정,꾸미기 기능 부족,스티커
다양한 레이아웃이랑 스티커가있었으면좋겠어요,04기,부정,꾸미기 기능 부족,레이아웃
제출날짜에 맞춰 제출하지 않는 친구들은 빼고 리워드를 지급하는게 공평하다고 생각합니다. 제 날짜에 맞춰 내는 친구들이 피해를 보는거 같아요 ,04기,부정,기타,기타
좀 더 다양하게 꾸밀 수 있었음 좋겠네용,04기,부정,기타,기타
앱 실행시 많은 시간이 소요되는 점이 조금 아쉽습니다.,04기,부정,앱 성능/안정성,속도
그리고 더 다양한 레이아웃과 꾸미는 부분이 많았으면 좋겠습니다,04기,부정,꾸미기 기능 부족,레이아웃
불편한점 없습니다~,04기,긍정,기타,기타
카메라 사진 눌렀을 때 로딩이 긴 경우가 있어요!,04기,부정,앱 성능/안정성,속도
영상업로드후 어플종료되는 문제는 해결되었어요~!,04기,긍정,앱 성능/안정성,앱멈춤
앱사용하면서 친구들과 소통하며 공감 할수있어서 좋았고 다양한 친구들의 동영상을 볼수있고 평생 간직하고 싶은 동영상을 저장해서 보고싶을때 계속 볼수있다는게 좋았어요. ,04기,긍정,기타,기타
좀더 다양한 꾸미기 기능이 나왔으면 좋을거같아요. ,04기,부정,기타,기타
영상에 노래삽입이 가능하면 좋을거같아요.,04기,부정,꾸미기 기능 부족,영상편집
스몰스 응원합니다~^^,04기,긍정,기타,기타
7주가되엇내용 시간빨라용 ㅠㅠ 항상 감사해용 울애기들 사진을 꾸밀수있게해주셔서 ㅎㅎ,04기,긍정,기타,기타
동영상꾸미기는안대나용,04기,부정,꾸미기 기능 부족,영상편집
꾸미기 란 글씨 입력이요ㅠ 글자수가 너무 조금 들어가서 다음 줄로 밀려 입력 되어요. 크기 자동으로 조절 되면 좋겠어요 ,04기,부정,꾸미기 기능 부족,텍스트
글자 입력할때 길게 쓰여졌으면 좋겠어요! 자동으로 다음줄로 내려가지 않게!!,04기,부정,꾸미기 기능 부족,텍스트
감사합니다,04기,긍정,기타,기타
레이아웃 더 많이 생겼으면 좋겠써용 ㅎㅎㅎ,04기,부정,꾸미기 기능 부족,레이아웃
영상 길이 자를 수 있으면 좋을 거 같아요!!!,04기,부정,꾸미기 기능 부족,영상편집
감사합니다 영상업러드 좀 되게해주세요 ㅠㅠ 올린줄알고 원본을 지워서 제출일이 늦어지고 다른영상으로 대체햇어요 퓨,04기,부정,기타,기타
발열이심한점!!,04기,부정,기타,기타
하지만 더더더 귀여워진 레이아웃과 스티커 최고예요!,04기,긍정,꾸미기 기능 부족,레이아웃
7주차 기간을 생각못하고 있었어용 ㅠㅠ 앞으로 밀리는 일 없이 잘 제출하도록 하겠습니당 !!,04기,긍정,기타,기타
감사합니다,04기,긍정,기타,기타
스몰스 조아요 >_<,04기,긍정,기타,기타
헉 벌써 마지막이라구요?! 시간 너무 빨라요 ㅠㅠ 스몰스에 귀여운 스티커로 추억저장하기 넘 좋았어요❤️,04기,긍정,기타,기타
감사합니다 ㅎㅎ,04기,긍정,기타,기타
어머 벌써 마지막인가요? 아쉬워요 ㅠㅠ♥️,04기,긍정,기타,기타
없아요>_<,04기,긍정,기타,기타
아쉬워용ㅜㅜ,04기,긍정,기타,기타
8주차 동안 스꾸친으로서 망고와 함께 즐거운 활동할 수 있어 좋았습니다♡ 꾸친 활동 덕분에 망고와 많은 추억을 쌓을 수 있었도 옛추억도 꺼내볼 수 있었네요 ㅎㅎ,04기,긍정,기타,기타
예전보다 다양해진 레이아웃과 스티커로 다양한 꾸미기가 가능해서 좋았지만,04기,긍정,기타,기타
조금 아쉬웠던 점은 레이아웃이나 스티커 업데이트 주기가 길어 아쉬웠습니다 ㅠㅠ ,04기,부정,꾸미기 기능 부족,스티커
영상도 업로드가 가능해졌으니 나중엔 영상 꾸미는 활동도 할 수 있었으면 좋을 것 같아요♡ 너무 고생많으셨습니다,04기,부정,꾸미기 기능 부족,영상편집
스몰스 화이팅♡♡,04기,긍정,기타,기타
감사합니다,04기,긍정,기타,기타
감사합니다!,04기,긍정,기타,기타
필터도 좀 더 다양해지면 좋을거 같아요^^ 안정화 화이팅!,04기,부정,기타,기타
"그동안 스몰스와 스꾸친 활동하며 인스타와는 다른 
제로의 일상 이야기를 꾸미는 것에 재미를 느꼈어요!",04기,긍정,기타,기타
"앞으로도 지금처럼 유저들의 목소리에 귀기울이고
꾸준한 업데이트 해주신다면
더 많은 유입이 있을 거라고 생각합니다!",04기,긍정,기타,기타
"게시물 업로드 후 렉이 자주 걸리는점,",04기,부정,앱 성능/안정성,앱멈춤
"스티커 회전하거나 크기 조절할때 미세한 조절이 어렵다는 점,",04기,부정,기타,기타
"피드에 다른 친구들 게시물이 최신순으로 뜨는게 아니라는 점
정도 입니다 :) 
제로 예쁘게 봐주셔서 정말 감사해요 ㅎㅎ",04기,부정,기타,기타
아쉬었던점은 벌써 마지막이라니ㅠ 그게젤아쉬워용ㅠㅠ ,04기,긍정,기타,기타
바라는점 없습니당!!,04기,긍정,기타,기타
동영상도 편집 기능 원해요!,04기,부정,꾸미기 기능 부족,영상편집
🤗,04기,긍정,기타,기타
"글씨 크기 한 줄 안으로 조절,",04기,부정,꾸미기 기능 부족,텍스트
로딩 시간이 긴거요!,04기,부정,앱 성능/안정성,속도
스몰스와 함께해서 행복했습니당!! 스몰스 관계자 분들 항상 건강하시고 꽃길먼 걸으셔용💗💗🫶🏻,04기,긍정,기타,기타
"다양한 레이아웃, 스티커 꾸미기가 꾸준히 업로드 되었으면 좋겠어요.",04기,부정,꾸미기 기능 부족,스티커
앱에 들어가면 모든 버튼이 안눌리면서 실행이 안될때가 자주 발생해요. 오류가 많이나서 조금 불편할때가 있었어요. ,04기,부정,앱 성능/안정성,앱멈춤
스꾸친 4기로 활동하면서 너무 즐겁고 행복했습니다.🥰 다양한 모습들을 공유하며 댕댕이 친구들과 소통하고 좋은시간을 가진거같아요. 앞으로도 스몰스에서 열심히 활동하며 주변 지인들에게도 소개 많이 할게요. 스몰스를 위해 열심히 일하시는 스몰스 모든 여러분들 항상 응원할게요. 더 좋은 더 발전하는 스몰스 모습도 기대할게요.😊😊😊,04기,긍정,기타,기타
추워진 날씨 감기 조심하세여 🤍,04기,긍정,기타,기타
그동안 정말 감사했습니당 스몰스랑 같이하게되어 행복했습니다 앞으로도 많이애용할게요 ㅎㅎㅎ,04기,긍정,기타,기타
감사했습니다! 주변에도 적극추천할게요!!,04기,긍정,기타,기타
마지막까지 감사드립니다!!,04기,긍정,기타,기타
고생하셨습니다,04기,긍정,기타,기타
동영상 소리없애는기능 혹은 꾸미기 기능,04기,부정,꾸미기 기능 부족,영상편집
감사합니다!,04기,긍정,기타,기타
동영상도 꾸밀 수 있었으면 좋겠네여~,04기,부정,꾸미기 기능 부족,영상편집
늦어서 죄송합니다,04기,긍정,기타,기타
너무너무 고생하셨습니다 🥺 이용하는 동안 불편했던 점이 많이 개선되는게 눈에 보여 불편함이 없습니다 :) ,04기,긍정,기타,기타
스티커가 더 다양해지면 좋겟어용,05기,부정,꾸미기 기능 부족,스티커
동영상도 저장되면너무좋을거같아요!,05기,부정,기록 경험 불편,공유
인스타에 홍보했어요! https://www.instagram.com/p/Cll5IGkyi3A/?igshid=MTg0ZDhmNDA=,05기,긍정,기타,기타
"텍스트에 볼드체, 기울기, 그림자 등등 텍스트를 다양하게 활용할 수 있음 좋겠어요~~",05기,부정,꾸미기 기능 부족,텍스트
혹시 저만 그런건지 모르겠는데 모든 기능들이 옆으로 안넘어가요ㅠ 예를들면 글자색 중 제일 끝에 파란색을 터치하면 그 옆 색만 터치가 되고 정말 신중히 터치해야만 파란색을 쓸 수 있어요ㅠㅠ편하게 옆으로 롤링이 됐으면 좋겠습니당,05기,부정,기타,기타
프레임이 좀더 눈에 덜 띄고 분위기 있는 종류도 있으면 좋을 것 같습니다! 제 개인적인 취향일 수도 있지만요:) 느낌있게 꾸밀 수 있는 프레임이 다양해지면 좋을 것 같아요!,05기,부정,꾸미기 기능 부족,레이아웃
"오산완, 두둥등장 처럼 확 꽂히는? 강렬한 레이아웃 더 생겼으면 좋겠어요 저도 고민해볼게용! 😍 ",05기,부정,꾸미기 기능 부족,레이아웃
스티커 볼하트나 귀모양 더 작게 됬으면 좋겟어요 일정크기 미만으로는 안줄여지더라구용! ,05기,부정,꾸미기 기능 부족,스티커
그리고 혹시 저를 좋아요 한 사람을 볼수있나요? 전 알람이 안떠서요 ㅠ,05기,부정,기록 경험 불편,알람
브러쉬같은걸로 글쓰거나 그림 그리는 기능도 좋을거 같아요!,05기,부정,기타,기타
까만화면 오류는 아직 있네요ㅠ(아이폰 12),05기,부정,앱 성능/안정성,앱멈춤
"스티커 레이아웃 기능은 다양한거 같아요. 저는 개인적으로 깔끔한거 선호하는편이라 잘 이용하지는 않지만 잘 활용하면 재미있는 사진 만들기 좋은거같아요!
스티커 레이아웃 필터들이 자주 업데이트 된다면 더 다양하게 만들수있을거같습니다!!",05기,부정,꾸미기 기능 부족,레이아웃
스티커가 조금만 더 다양했으면 좋겠어요. 그리고 스티커 줄이는게 조금 불편한것 같아요 ㅠㅠ,05기,부정,꾸미기 기능 부족,스티커
고양이필터가 더다양했음하구,05기,부정,꾸미기 기능 부족,레이아웃
동영상 자르는게 있음좋겠어요,05기,부정,꾸미기 기능 부족,영상편집
"업데이트 이후 동영상은 검은화면 안뜨는데, 사진은 여전히 검은화면이 뜹니다ㅠㅠ (기종 갤럭시노트20 울트라)",05기,부정,앱 성능/안정성,앱멈춤
중간임시저장 기능이 있었으면 좋겠습니다 ,05기,부정,기록 경험 불편,스토리작성
스티커가 다양했으면 좋겠어요 반짝스티커나 반투명스티커를 자주 사용하는데 아쉬워요,05기,부정,꾸미기 기능 부족,스티커
스티커 종류 중에 컨페티 종류 스티커가 생기면 좋을 것 같아요! 폴꾸 할 때 배경으로 깔고 꾸미기를 하는데 그런 스티커가 있으면 좋을 것 같아요,05기,부정,꾸미기 기능 부족,스티커
스티커가 더 다양했으면 좋겠어요1!,05기,부정,꾸미기 기능 부족,스티커
스티커랑 레이아웃 종류가 더 많으면 좋겠어요^^,05기,부정,꾸미기 기능 부족,스티커
스티커랑 레이아웃 종류가 더 많으면 좋겠어요^^,05기,부정,꾸미기 기능 부족,레이아웃
발전하고 있는 모습 좋아요 앞으로도 쭉 이용하고싶어요!,05기,긍정,기타,기타
스티커가 조금 더 다양했으면 좋겠습니당!,05기,부정,꾸미기 기능 부족,스티커
필터가 아직 댕댕이 위주인 것 같아요 냥이 용도 많이 개발해주세요 :),05기,부정,꾸미기 기능 부족,레이아웃
글씨 쓸 때 서체가 더 다양했으면 좋겠습니다 ,05기,부정,꾸미기 기능 부족,텍스트
텍스트박스 양쪽으로 늘리는게 아직 안되네요(몇글자쓰고 엔터쳐야함),05기,부정,꾸미기 기능 부족,텍스트
기능이 전반적으로 미흡,05기,부정,기타,기타
레이아웃.스티커,05기,부정,꾸미기 기능 부족,레이아웃
레이아웃.스티커,05기,부정,꾸미기 기능 부족,스티커
레이아웃에 합성?과 비슷한 꾸미기 있으면 더 재밌을것같아요 ㅎㅎ,05기,부정,꾸미기 기능 부족,레이아웃
다양한 스티커 원해요~특히 겨울시즌 스티커 업뎃해주세요~^^ 스티커 5개 이상 더 사용할수있으면 좋겠어요~스몰스 모든 분들 건강조심 감기조심하세요~^^,05기,부정,꾸미기 기능 부족,스티커
다양한 예쁜무늬로 되어있는 액자프레임도 있었으면좋겠어요~,05기,부정,꾸미기 기능 부족,레이아웃
버퍼링이 대체적으로 심해서 속도 개선이 필요해보입니다.,05기,부정,앱 성능/안정성,속도
더 다양한 꾸미기 나왔음 좋겠어요!!,05기,부정,기타,기타
스티커와 레이아웃이 더 많았으면 좋겠어요,05기,부정,꾸미기 기능 부족,스티커
스티커와 레이아웃이 더 많았으면 좋겠어요,05기,부정,꾸미기 기능 부족,레이아웃
좀 더 다양한 스티커가 있었으면 좋겠습니다 사용하긴 편한데 다양성이 없어서 좀 아쉬워요,05기,부정,꾸미기 기능 부족,스티커
그리고 알림에서 댓글 달렸다고 떴을때 누르면 바로 게시글로 갔으면 좋겠어요 댓글 보려면 게시글을 다 들어가봐야 해서 조금 불편해요 ,05기,부정,기록 경험 불편,알람
더 귀여운 스티커 마니마니 만들어쥬세요 ₍•͈ᴗ•͈₎ ,05기,부정,꾸미기 기능 부족,스티커
필터는 글리터나 필름같은 느낌이 생겼으면 좋겠고 레이아웃은 글자나 색상을 수정할 수 있으면 좋을 것 같아요~,05기,부정,꾸미기 기능 부족,레이아웃
스티커는 더 다양해졌음 좋겠어요!,05기,부정,꾸미기 기능 부족,스티커
크리스마스와 겨울에 맞는 레이아웃 스티커가 나왔으먼 좋겠어요! 필터는 좀 더 감성적인 것이 있었으면 좋겠어요!!,05기,부정,꾸미기 기능 부족,레이아웃
크리스마스와 겨울에 맞는 레이아웃 스티커가 나왔으먼 좋겠어요! 필터는 좀 더 감성적인 것이 있었으면 좋겠어요!!,05기,부정,꾸미기 기능 부족,스티커
사진 크기 조절 할수 있으면 좋겠어요 ㅎㅎ,05기,부정,기타,기타
삐약이가 요즘 컨디션이 안 좋더니 밥을 잘 안 먹어서 ㅠㅠ 밥 같이 먹는 제 손 먹방 영상 첨부합니다 ... 쓸 곳이 없어 여기에 작성해요 ㅠㅠ,05기,긍정,기타,기타
안늦고 잘 하겠습니다 ◡̈ ,05기,긍정,기타,기타
다양한스티커가많았으면좋겠어요! ,05기,부정,꾸미기 기능 부족,스티커
텍스트가 자동으로 안내려갔으면 좋겠어요ㅠㅠ,05기,부정,꾸미기 기능 부족,텍스트
동영상 편집기능!,05기,부정,꾸미기 기능 부족,영상편집
스티커 귀여운게 많아서 좋아요 :),05기,부정,꾸미기 기능 부족,영상편집
스티커가 다양하지 못해서 꾸미기 잘 안써요~,05기,부정,꾸미기 기능 부족,스티커
한주 한주가 지나면서 업로드하는것이 점점 더 재밌어집니다! 저의 반려묘 사진과 동영상들을 다시 찾아보는 시간도 갖게되었고 또 새로운 모습들을 사진과 영상으로 더 많이 남기게 되는 계기가 되었습니다! 행복한 시간들 더 많이 담아야겠다는 생각이 들었어요 이런 기회 주셔서 너무너무 감사합니다,05기,긍정,기타,기타
귀여운 기능이 많아서 좋아요:),05기,긍정,기타,기타
"겨울 시즌, 크리스마스 스티커나 레이아웃 나왔으면 좋겠어요!",05기,부정,꾸미기 기능 부족,스티커
"겨울 시즌, 크리스마스 스티커나 레이아웃 나왔으면 좋겠어요!",05기,부정,꾸미기 기능 부족,레이아웃
글자 길이가 가로로 길게 되었으면 좋겠어요! ☺️ 그리고 나에게 좋아요 누른 친구가 누군지 알수잇엇으면 좋겟어요!,05기,부정,꾸미기 기능 부족,텍스트
그리고 나에게 좋아요 누른 친구가 누군지 알수잇엇으면 좋겟어요!,05기,부정,기타,기타
오늘 사용하려고 했는데 자꾸 화면이 스몰스에서 멈추고 다음으로 넘어가지 않았습니다,05기,부정,앱 성능/안정성,앱멈춤
글씨체가 다양했으면 좋겠어요!,05기,부정,꾸미기 기능 부족,텍스트
스핑크스고양이 캐릭터는 언제 생길까요오-?,05기,부정,기록 경험 불편,묘종/견종추가
"스티커, 레이아웃이 더 다양하면 좋겟어오",05기,부정,꾸미기 기능 부족,스티커
"스티커, 레이아웃이 더 다양하면 좋겟어오",05기,부정,꾸미기 기능 부족,레이아웃
고양이 럭셔리 레이아웃만들어주에용,05기,부정,꾸미기 기능 부족,레이아웃
스티커가 계절별로 다양했음 좋겠습니다. 움직이는 스티커가 있으면 좀더 재밌을거같아요,05기,부정,꾸미기 기능 부족,스티커
여러장 한번에 올리는 기능도 있음 좋을거같아요 ,05기,부정,기록 경험 불편,스토리작성
고양이 관련 스티커가 추가되면 좋겠습니다!,05기,부정,꾸미기 기능 부족,스티커
영상에 프레임이나 스티커 넣는 기능이 추가되면 좋을것같아요^^,05기,부정,꾸미기 기능 부족,영상편집
카메라 연속촬영으로 잘나온 사진 선택할 수 있는 기능이 생기면 좋을 것 같아요~~ 동영상으로 움짤 만드는 기능도! ,05기,부정,꾸미기 기능 부족,영상편집
사진 꾸밀때 스티커 텍스트 넣은 순서대로 쌓이는게 좀 불편해요!나중에 꾸민것도 원하는대로 맨위로 올릴 수 있었으면 좋겠어요!,05기,부정,기타,기타
스티커가 다양했으면 좋겠어용,05기,부정,꾸미기 기능 부족,스티커
곧 연말이니 크리스마스나 새해 느낌 나는 레이아웃이나 스티커가 있었으면 좋겠습니다.,05기,부정,꾸미기 기능 부족,스티커
곧 연말이니 크리스마스나 새해 느낌 나는 레이아웃이나 스티커가 있었으면 좋겠습니다.,05기,부정,꾸미기 기능 부족,레이아웃
할로윈때처럼 시즌 레이아웃 스티커 좋았어요>.< 크리스마스 버전도 나오면 귀여울것같아요❤️🎄,05기,부정,꾸미기 기능 부족,레이아웃
레이아웃 추가되면 좋겠어요 ,05기,부정,꾸미기 기능 부족,레이아웃
스티커 5개 이상 사용이 안되는걸로 되는데 더 많이 사용가능했으면 좋겠어요~,05기,부정,꾸미기 기능 부족,스티커
사진 구도를 1:1 / 4:3 비율에 맞게 선택가능해서 레이아웃에 더 잘 맞았으면 좋겠어요~,05기,부정,기타,기타
전체적으로 재미있는 방향으로 꾸미기가 되어있어 좋지만 좀더 다양한 스티커와 레이아웃이 있으면 좋겠다고 늘 생각이들어요~그냥 사진을 올리는거보다 스몰스만의 느낌을 꾸미기기능을 사용해 사진에 담아 저장하는게 의미있고 좋은거같아요~,05기,부정,꾸미기 기능 부족,스티커
전체적으로 재미있는 방향으로 꾸미기가 되어있어 좋지만 좀더 다양한 스티커와 레이아웃이 있으면 좋겠다고 늘 생각이들어요~그냥 사진을 올리는거보다 스몰스만의 느낌을 꾸미기기능을 사용해 사진에 담아 저장하는게 의미있고 좋은거같아요~,05기,부정,꾸미기 기능 부족,레이아웃
즐거운앱만드시고 수정하시느라 늘 고생이많으세요~덕분에 재미있게 앱사용할 수 있어서 좋아요~감사합니다~ :) ,05기,긍정,기타,기타
독특한 레이아웃이 있어서 꾸미기 좋은 것 같습니다.,05기,긍정,꾸미기 기능 부족,레이아웃
레이아웃이랑 스티커가 더 많아지면 좋겠어요!!!,05기,부정,꾸미기 기능 부족,레이아웃
레이아웃이랑 스티커가 더 많아지면 좋겠어요!!!,05기,부정,꾸미기 기능 부족,스티커
스티커가 더 다양했으면 좋겠어요~,05기,부정,꾸미기 기능 부족,스티커
영상에도 자막을 넣을 수 있으면 좋겠어요~! ,05기,부정,꾸미기 기능 부족,영상편집
"그리고 필터 종류가 많긴한데 딱히 사용할 만한 필터는 없는것 같아요.. 필터보다는 레이아웃이 더 유용하게 사용되는 것 같아요, 더 재밌고 귀여운 레이아웃 많이 만들어 주세요~!",05기,부정,기타,기타
"필터보다는 레이아웃이 더 유용하게 사용되는 것 같아요, 더 재밌고 귀여운 레이아웃 많이 만들어 주세요~!",05기,부정,꾸미기 기능 부족,레이아웃
동영상 저장기능도 생겼으면 좋겠오용🍃✨,05기,부정,기록 경험 불편,공유
동영상 한개는 일정이 바빠 미처 하지 못했습니다 ㅠㅠ,05기,긍정,기타,기타
그림그리기 기능!,05기,부정,기타,기타
고양이 관련 스티커랑 레이아웃이 생겼으면 좋겠어요! 강아지에게 산책이 있듯이 고양이에게는 사냥놀이 시간이 매일 있어요! 그걸로 만들어 주셨으면 좋겠습니다!,05기,부정,꾸미기 기능 부족,레이아웃
고양이 관련 스티커랑 레이아웃이 생겼으면 좋겠어요! 강아지에게 산책이 있듯이 고양이에게는 사냥놀이 시간이 매일 있어요! 그걸로 만들어 주셨으면 좋겠습니다!,05기,부정,꾸미기 기능 부족,스티커
"캐릭터꾸미기,,,아직두안대여,,,🥹 ",05기,부정,꾸미기 기능 부족,캐릭터 꾸미기
스티커!!,05기,부정,꾸미기 기능 부족,스티커
레이아웃이 더 다양했으면 좋겠습니다.,05기,부정,꾸미기 기능 부족,레이아웃
그리고 제폰(갤럭시s10)에서는 아직도 가끔 까만화면증상이 있습니다ㅜ,05기,부정,앱 성능/안정성,앱멈춤
더 많은 레이아웃이 있으면 좋겠어요 인스타 필터 같은 !!,05기,부정,꾸미기 기능 부족,레이아웃
꾸미기 점점 잘 활용하고 있습니다!! ෆ 레이아웃도 편집이 가능하면 좋을거같아요!,05기,긍정,꾸미기 기능 부족,레이아웃
좋습니다!,05기,긍정,기타,기타
특색없이 심플한 레이아웃도 많으면 좋겠어요 ㅎㅎ,05기,부정,꾸미기 기능 부족,레이아웃
날이 추운데 스몰스 관계자 분들 모두 건강 조심하세요🙏,05기,긍정,기타,기타
하트 알람이 안떠용 ㅠㅠ 그리고 글씨 한줄에 쭉쓸수잇게 됫으면 좋겟어용!!,05기,부정,기타,기타
"캐릭터 꾸미기 아직두 안대오,,,😢 루돌프 빨간코 스티커 추가하면 좋을고같아요🥳",05기,부정,꾸미기 기능 부족,캐릭터 꾸미기
없음,05기,긍정,기타,기타
"말풍선에 직접 글을 쓸수 있는 기능이 있었음 좋겠습니다
레이아웃에 다수 사진을 넣을수 있었으면 좋겠습니다
",05기,부정,기타,기타
스몰스 사진 업로드 후 화질이 떨어지는게 아쉽습니다ㅠ,05기,부정,기타,기타
"글자를 일정 크기 이상 줄이면 2줄로 자동으로 바뀌는데, 줄바꿈을 제 마음대로 못해서 불편해요ㅠㅠ 긴 문장이어도 줄바꿈은 enter로만 바뀌면 좋을 것 같아요..",05기,부정,꾸미기 기능 부족,텍스트
스티커 추가된거 귀여워요 :),05기,긍정,꾸미기 기능 부족,스티커
필터가다양해져서 좋아요!,05기,긍정,기타,기타
.,05기,긍정,기타,기타
항상 잘 사용하고있습니다! 새 스티커와 레이아웃 넘 귀여워요!,05기,부정,꾸미기 기능 부족,스티커
스티커 중 크기조절이 더 작게 안되는것도 있는데(예-눈썹) 좀더 작게 조절가는했으면 좋겠어요~글자텍스트스티커도 많이 생겼으면 좋겠어요~겨울시즌 스티커 너무 귀여워요ㅎㅎ 많이 추운데 감기조심하시고 늘 감사합니다~: ),05기,부정,꾸미기 기능 부족,스티커
필터가 더 많앗으면 좋겟어용,05기,부정,기타,기타
글씨체가 다양했으면 좋겠습니다! ,05기,부정,꾸미기 기능 부족,텍스트
카메라 기능이 작동되지 않아 꾸미기 및 게시물 작성이 불가능했습니다. 오류 수정되는 대로 업로드하겠습니다.,05기,부정,기타,기타
말풍선 스티커 모양이 더 다양했으면 좋겠어요!,05기,부정,꾸미기 기능 부족,스티커
크리스마스 시즌 필터랑 스티커 너무 좋아요~! 자주자주 업데이트 되면 더 재밌을 것 같아용🙌🏻,05기,긍정,기타,기타
사진 올리려고 들어가면 카메라 뜨는 로딩 시간이 너무 길어요.. 들어갔다가 그냥 나오게 돼요,05기,부정,앱 성능/안정성,속도
영상이 안올라가서 캡쳐로 보내드립니다..!,05기,부정,기타,기타
효과주기 스티커가 너무 부족해요~,05기,부정,꾸미기 기능 부족,스티커
레이아웃도 좌우반전이 가능하면 좋을 것 같아요! 휴대전화 모양 레이아웃을 사용하고 싶은데 여백이 반대쪽이라 사용할 수가 없었어요!,05기,부정,꾸미기 기능 부족,레이아웃
감가합니다 ㅎㅎ,05기,긍정,기타,기타
"스티커가 한개도 안떠요!!! 
혹시 에러인가 싶어서 몇시간 기다리다
들어갔는데도 한개도 안뜨네욥 ㅠㅠ
아이폰12프로입니다",05기,부정,기타,기타
지금도 조아요,05기,긍정,기타,기타
영상이든 사진이든 올릴때 버벅거림이 심해요ㅜㅜ,05기,부정,앱 성능/안정성,속도
스티커 갯수가 5개까진데 더 늘려주실 수 있나욤🥹,05기,부정,꾸미기 기능 부족,스티커
동영상도 편집이 가능했으면 좋겠습니다,05기,부정,꾸미기 기능 부족,영상편집
이번에 추가된 스티커들 너모 기여어요💗,05기,긍정,꾸미기 기능 부족,스티커
레이아웃 더 많음 좋겠어용 늦어서 미안해용!,05기,부정,꾸미기 기능 부족,레이아웃
💕,05기,긍정,기타,기타
조금더 다양한 스티커가 많았으면좋겠어요!,05기,부정,꾸미기 기능 부족,스티커
없어요! 지금 좋아요^^,05기,긍정,기타,기타
감사합니다 ,05기,긍정,기타,기타
❤️❤️,05기,긍정,기타,기타
동영상 편집기능만 있다면 딱일거같아요!!,05기,부정,꾸미기 기능 부족,영상편집
없음,05기,긍정,기타,기타
사진 영상 업로드 시 댓글로 말고 내용도 쓸 수 있으면 좋겠어요,05기,부정,기록 경험 불편,스토리작성
화질...ㅜㅜ,05기,부정,기타,기타
2장이상 사진 업로드 방법 있음 좋겠어요,05기,부정,기타,기타
사진 업로드나 영상 업로드시간이 좀 오래 걸려요 ,05기,부정,앱 성능/안정성,속도
인형옷처럼 아기들 한테 씌울 수 있는 옷(?)이나 모자같은스티커가 좀더 다양했으면 좋겠습니다 ,05기,부정,꾸미기 기능 부족,스티커
메리크리스마스🎄,05기,긍정,기타,기타
영상 업로드가 좀 느려요ㅠㅠ,05기,부정,앱 성능/안정성,속도
글자 색상이 조금 더 다양했으면 좋겠어요~,05기,부정,꾸미기 기능 부족,텍스트
"몰리 캐릭터 꾸미기,,,,🥲 스티커 이제 새해니까 한복 추가해주세요-!!",05기,부정,꾸미기 기능 부족,스티커
스티커가 다양했으면 좋겠습니다 글꼴 또한 다양했으면 합니다,05기,부정,꾸미기 기능 부족,스티커
동영상 편집기능만 추가되면 좋을거같아요!,05기,부정,꾸미기 기능 부족,영상편집
텍스트 자동?줄넘어가는거 보완되었음 좋겠어용!!ㅎㅎ 꾸미기 최고 스몰스❤️❤️❤️,05기,부정,꾸미기 기능 부족,텍스트
말풍선 모양이 더 다양했으면 좋겠어요 지금 몇가지 없는 것 같습니다. 그리고 레이아웃도요~,05기,부정,꾸미기 기능 부족,스티커
넵!!,05기,긍정,기타,기타
영상 업로드할때 업로드 전 미리 재생해볼수 기능이 있었으면 좋겠어요.,05기,부정,꾸미기 기능 부족,영상편집
스티커 추가 하기..,05기,부정,꾸미기 기능 부족,스티커
스티커 5개이상 추가하기..,05기,부정,꾸미기 기능 부족,스티커
신년 흑토끼의 해라고 합니다! 토끼 관련 새해 스티커가 나오면 좋을 것 같아요 레이아웃두요!,05기,부정,꾸미기 기능 부족,스티커
스티커를 직접 만들어서 사용할수있는 기능도 생기면 좋은거같아요~,05기,부정,꾸미기 기능 부족,스티커
레이아웃 테마로 맥도날드 던킨 베스킨 같은 테마도 재미있을거같아요,05기,부정,기타,기타
반짝이는 무언가가 잇었으면 좋겠어요! 연말분위기에 맞게!!,05기,부정,꾸미기 기능 부족,스티커
:),05기,긍정,기타,기타
스티커가 다양했으면 싶어용,05기,부정,꾸미기 기능 부족,스티커
스티커 다양하면 좋겟어용,05기,부정,꾸미기 기능 부족,스티커
생일에 관련된 스티커나 레이아웃이 있었으면 좋겠습니다.,05기,부정,꾸미기 기능 부족,레이아웃
스티커는 조금 있긴 하지만 너무 부족한거 같습니다,05기,부정,꾸미기 기능 부족,스티커
어플 오류가 심하고 속도가 여전히 느립니다.,05기,부정,앱 성능/안정성,속도
영상 길이를 자르고편집하는기능이있었으면좋겠어요,05기,부정,꾸미기 기능 부족,영상편집
메리크리스마스입니당 ㅎㅎ,05기,긍정,기타,기타
없어용,05기,긍정,기타,기타
스티커부족 꾸미기 기능 불편,05기,부정,꾸미기 기능 부족,스티커
동영상도 스티커 달수있으면 좋을 것 같아요!!!!!,05기,부정,꾸미기 기능 부족,영상편집
스티커중 말풍선?? 도 많으면 좋겠습니다 ,05기,부정,꾸미기 기능 부족,스티커
글꼴도요 ㅎㅎ,05기,부정,꾸미기 기능 부족,텍스트
다양한 스티커 생겨서 좋아용💗🎄,05기,긍정,꾸미기 기능 부족,스티커
동영상이 안올라갑니다.,05기,부정,기타,기타
늘 재미있는 꾸미기 기능 만들어주시느라 감사합니다~그덕분에 스몰스할때마다 즐거워요~ : ),05기,긍정,기타,기타
레이아웃이 더 많아지면 좋겟어용,05기,부정,꾸미기 기능 부족,레이아웃
너무좋아욤!❤️,05기,긍정,기타,기타
영상도 꾸밀 수 있음 좋겠네요~,05기,부정,꾸미기 기능 부족,영상편집
.,05기,긍정,기타,기타
레이아웃 틀 많이 추가되면 좋겠어오,05기,부정,꾸미기 기능 부족,레이아웃
동영상편집 기능 있으면 좋을거같아요!!,05기,부정,꾸미기 기능 부족,영상편집
글자를 한번에 쭈욱 쓸수있엇으면 좋겟어영,05기,부정,꾸미기 기능 부족,텍스트
신년 토끼 스티커 나오면 좋을거같아요!,05기,부정,꾸미기 기능 부족,스티커
.,05기,긍정,기타,기타
다수 사진 여러장을 겹쳐서 올리는 레이아웃이 가능하면 좋을것 같습니다 ,05기,부정,기록 경험 불편,스토리작성
새해 복 많이 받으세요:),05기,긍정,기타,기타
넘 귀여운 레이아웃이랑 스티커 많아져서 좋아요>.<,05기,긍정,기타,기타
새해 복 많이 받으세요~^^,05기,긍정,기타,기타
사진을 올리면서 댓글에 글을 적기보다는 인스타 처럼 사진과 글을 함께 작성하고 싶습니다,05기,부정,기록 경험 불편,스토리작성
항상 즐거운 마음으로 잘 사용하고 있습니다 2023 스몰스 파이팅!!,05기,긍정,기타,기타
새해 복 많이 받으세요 🎁,05기,긍정,기타,기타
"전에도 썼지만 레이아웃과 스티커, 말풍선 모양이 더 다양했으면 합니다. 그리고 카메라 구동시간이 좀 오래걸리는거같아요.",05기,부정,꾸미기 기능 부족,스티커
"전에도 썼지만 레이아웃과 스티커, 말풍선 모양이 더 다양했으면 합니다. 그리고 카메라 구동시간이 좀 오래걸리는거같아요.",05기,부정,꾸미기 기능 부족,레이아웃
"전에도 썼지만 레이아웃과 스티커, 말풍선 모양이 더 다양했으면 합니다. 그리고 카메라 구동시간이 좀 오래걸리는거같아요.",05기,부정,기타,기타
몇번(3~4번) 사진꾸미기 후 올리기가 오류가 나서 올라가지 않았어요~스티커 사용이 5개 보다 좀더 사용할수있으면 좋겠어요~새해 복 많이 받으세요🥤❤️,05기,부정,꾸미기 기능 부족,스티커
몇번(3~4번) 사진꾸미기 후 올리기가 오류가 나서 올라가지 않았어요~스티커 사용이 5개 보다 좀더 사용할수있으면 좋겠어요~새해 복 많이 받으세요🥤❤️,05기,부정,기타,기타
예쁜 스티커랑 레이아웃 추가되어서 너무 좋아요! 글씨 테두리 기능 추가되면 좋을것 같아요 ㅋ,05기,긍정,꾸미기 기능 부족,레이아웃
예쁜 스티커랑 레이아웃 추가되어서 너무 좋아요! 글씨 테두리 기능 추가되면 좋을것 같아요 ㅋ,05기,부정,꾸미기 기능 부족,텍스트
말풍선 스티커가 믾이졌으면 좋겠어용 아니면 글자수 자동으로 안내려가지게 되면 더 좋을것같아용,05기,부정,꾸미기 기능 부족,스티커
말풍선 스티커가 믾이졌으면 좋겠어용 아니면 글자수 자동으로 안내려가지게 되면 더 좋을것같아용,05기,부정,꾸미기 기능 부족,텍스트
동영상 업로드 속도가 여전히 너무 느려서 개선이 필요해보입니다.,05기,부정,앱 성능/안정성,속도
귀여운 스티커 많이 만들어주세요~,05기,부정,꾸미기 기능 부족,스티커
검은 토끼 머리띠 스티커 있었으면 좋겠어요!!,05기,부정,꾸미기 기능 부족,스티커
카메라 사이즈도 다양했으면 좋겠어요~,05기,부정,기타,기타
그리기 기능이 있었으면 좋을 것 같아용,05기,부정,기타,기타
동영상 편집기능이 되면 좋겠어요~,05기,부정,꾸미기 기능 부족,영상편집
새해 복 많이 받으셔요 ㅎㅎ,05기,긍정,기타,기타
없어용,05기,긍정,기타,기타
사진및 영상올리는데 렉이 심하게 걸림,05기,부정,앱 성능/안정성,속도
점점 발전하는 모습 너무 좋아요:) 더 다양한 종류의 레이아웃과 스티커를 계속 추가 해주시면 좋겠어요~! ,05기,부정,꾸미기 기능 부족,스티커
영상두 꾸미구다운받을수있음좋겠어요,05기,부정,꾸미기 기능 부족,영상편집
카메라 기능이 좀 더 향상 되면 좋겠어요!,05기,부정,기타,기타
기능이 또 느려졌어요.. ㅠㅠ 카메라 눌렀는데 로딩 하루 종일 걸리고 스티커 클릭하는데 적용하는것도 오래 걸려요..,05기,부정,앱 성능/안정성,속도
스몰스앱 로그인이 안되어 이제야 보내드리네요ㅠㅠㅠ,05기,부정,기타,기타
더할나위없이 좋은 스몰스..🥺💗,05기,긍정,기타,기타
.,05기,긍정,기타,기타
한복 말구두 교복이나 귀여운 유치원생복 같은거 추가되도 좋을것같아요!!,05기,부정,꾸미기 기능 부족,스티커
많은스티커가있었으면좋겠어요!!,05기,부정,꾸미기 기능 부족,스티커
피드에 한두번 봤던 게시물은 밑으로 내려가고 새 게시물이 위로 올라오면 좋겠어용 ㅎㅎ,05기,부정,소통 기능 부족,커뮤니티기능
동영상 편집만 있으면 딱 좋을거 같아요! 오늘도 고생하세용!,05기,부정,꾸미기 기능 부족,영상편집
레이아웃이 더 다양하면 좋겟어용,05기,부정,꾸미기 기능 부족,레이아웃
같이 소통할 수 있는 스티커가 마련되면 좋을것같아요 누르면 찬성 반대 같은 것이 나오는 스티커랄까요?? ,05기,부정,꾸미기 기능 부족,스티커
새로운 레이아웃이나 스티커가 업로드 되었는지 안되었는지 항상 들어올 때마다 기대하고 있어요~ 자주자주 업데이트 부탁드려요💚,05기,긍정,꾸미기 기능 부족,스티커
똥잘치우자 이런 레이아웃 잇엇으면 좋겟어용 ! ,05기,부정,꾸미기 기능 부족,스티커
글씨체가 더 다양해지면 좋을것같습니다,05기,부정,꾸미기 기능 부족,텍스트
없어용,05기,긍정,기타,기타
내 스토리에서 사진을 터치하면 다시 메인화면으로 돌아가는 오류가 잦습니다.,05기,부정,기타,기타
감사합니다,05기,긍정,기타,기타
사진꾸미기를 끝내고 저장 올리기할때 로딩되다가 올라가지 않은 적이 몇번 있었어요. (꾸민 사진 사라짐 현산) ,05기,부정,기타,기타
동영상도 인코딩 중이라는 문구만 뜨고 한번 저장이 안되었었어요.,05기,부정,기타,기타
없습니다!,05기,긍정,기타,기타
스티커 맛집🤤❤️,05기,긍정,꾸미기 기능 부족,스티커
:),05기,긍정,기타,기타
Ar가능한 영상촬영이요!!,05기,부정,꾸미기 기능 부족,영상편집
더 다양한 스티커가 있으면좋겠습니다,05기,부정,꾸미기 기능 부족,스티커
딱히 없어용,05기,긍정,기타,기타
꾸미기 기능이 다양했으면 좋겠어용,05기,부정,기타,기타
스티커 부족,05기,부정,꾸미기 기능 부족,스티커
영상올릴때 커버 이미지를 선택해서 올릴 수 있으면 좋겠습니다!,05기,부정,꾸미기 기능 부족,영상편집
가끔씩 커버이미지가 까만화면으로 올라 갈때가 있는데 그 부분도 수정 되었으면 좋겠습니다.,05기,부정,기타,기타
예전보다 속도가 많이 개선된 것 같습니다!,05기,긍정,앱 성능/안정성,속도
새해 복 많이 받으세요🎁,05기,긍정,기타,기타
영상도편집할수있는 방법이있었으면좋겠어요,05기,부정,꾸미기 기능 부족,영상편집
가끔 자동으로 로그아웃되더라구요,05기,부정,기타,기타
사진 밝기나 대비 채도 조정? 이런 기능도 가능하면 좋을것같아요! ,05기,부정,기타,기타
"사냥놀이 프레임 짱이에요! 곧 돌아올 발렌타인 프레임이나 스티커가 있으면 좋을 것 같아요! 전체적으로 기념일에 대한 프레임, 스티커가 생기면 좋을 것 같아요 :)",05기,부정,꾸미기 기능 부족,레이아웃
레이아웃 기능을 처음 사용해보았는데 너무 좋았습니다,05기,긍정,꾸미기 기능 부족,레이아웃
"갈수록 귀여운 스티커, 레이아웃이 많아지는 스몰스! 응원해요오💗🤧",05기,긍정,꾸미기 기능 부족,레이아웃
스몰스 앱 로그인 문제로 미션 기한연장해주셔서 로그인 문제가 해결된 오늘 제출합니다.,05기,부정,기타,기타
업로드가 늦어져서 죄송해요. 항상 즐거운 마음으로 잘 사용하고 있습니다! ,05기,긍정,기타,기타
수정기능이 없을까요,05기,부정,기록 경험 불편,스토리작성
태그를 더 추가하거나 사진 편집을 다시할 수 있었으면 좋겠어요,05기,부정,기록 경험 불편,스토리작성
"글자 수 넘 짧어,,,요ㅠ",05기,부정,기록 경험 불편,스토리작성
좋아용 ,05기,긍정,기타,기타
댓글 작성할 때 댓글 기능을 게시물 누르고 댓글 더보기터치 한 다음 댓글 입력하는게 좀 귀찮고 불편한 것 같아요. 바로 댓글창에 입력할 수 있으면 좋겠어요.,05기,부정,소통 기능 부족,댓글
스토리 올릴 때 사진 선택 후 꾸미기 버튼을 눌러도 잘 안넘어가서 그냥 올릴 때도 종종있는데 이 오류도 확인부탁드려요!,05기,부정,기타,기타
사진올리려고하면자꾸 튕겨져나가져나가요!,05기,부정,앱 성능/안정성,앱멈춤
태그 선택이 불편함,05기,부정,기타,기타
필수 해시태그에서 #고양이 만 누르면 바로 선택되면 좋을 것 같아요..! 지금은 한 번 누르면 ‘일상’이 선택되어서 #고양이 를 다시한번 눌러야해요.,05기,부정,기타,기타
불편함없이 귀여운 레이아웃 스티커로 잘 이용하고 있습니다♡,05기,긍정,기타,기타
스티커가 더 다양해지면 좋겠어요,05기,부정,꾸미기 기능 부족,스티커
댓글에서 바로 칭구 스토리 볼수없어서 불편해용 ㅜ,05기,부정,소통 기능 부족,댓글
스토리 업로드 후 내용 설정이 안되어 오타가 있으면 지우고 다시 업로드하는 점이 좀 귀찮고 힘들었어요ㅠ,05기,부정,기록 경험 불편,스토리작성
사진 로딩 시간도 좀 길었습니다!,05기,부정,앱 성능/안정성,속도
"수정기능이 있으면 좋겠어요! 태그를 깜박해버려서 수정하려는데 없더라구요 ㅠㅠ 글삭제뿐,, !! ",05기,부정,기록 경험 불편,스토리작성
스티커나 텍스트 크기 줄이고 이동하는게 잘 안되요,05기,부정,꾸미기 기능 부족,스티커
스티커나 텍스트 크기 줄이고 이동하는게 잘 안되요,05기,부정,꾸미기 기능 부족,텍스트
어플 사용 중 갑자기 꺼지는 현상이 자주 발생합니다.,05기,부정,앱 성능/안정성,앱멈춤
처음이라 어렵네요ㅠㅠ,05기,부정,기타,기타
안녕하세요! 완전 다른 어플로 돌아와서 깜짝놀랐습니다. 오류도 적어지고 앱도 세련되졌어요♡고생많으셨습니다!,05기,긍정,기타,기타
"1. 동영상 자동재생 앱 실행 후 '홈'화면 인기게시물 목록이 뜰때, 동영상 스토리가 자동으로 재생되는점이 아쉬웠어요. 게시물 누르면 재생되거나, 움짤 형식으로 소리가 안나오면 좋을것 같습니다. 저같은 경우 (갤노트20울트라) 스몰스앱을 꺼도 동영상소리가 계속 나와서 난감했습니다ㅠㅠ",05기,부정,기타,기타
"2. 스토리 업로드시 폴더 이름 순으로 사진이 뜨는 것. 예전 어플은 갤러리로 바로 들어가서 사진을 고를 수있어 편했는데, 앱 바뀌고나서는 폴더 이름순대로 바로 뜨니까, 불편합니다. ㅠㅠ 예전처럼 갤러리 혹은 내파일을 통해 업로드할수있으면 좋겠어요.",05기,부정,기록 경험 불편,스토리작성
"3. 인기게시물이 그대로인 것. 인기게시물이 어떤식으로 골라지는건지 기준은 모르지만, 계속 똑같은 스토리만 떠있는게 아쉬워요. 예전앱에서는 자주바뀐거같았는데... 당일 혹은 그 전날 기준으로 업데이트된 게시물이 떴으면 좋겠습니다.",05기,부정,소통 기능 부족,커뮤니티기능
"4. 스토리업로드시 필수항목
이전앱에서는 사진만 딱 올려도되서 부담없이 사진올리기가 가능했는데, 바뀐후로 필수항목 체크를 안하면 업로드할수없는게 조금 번거로워요.
특히나 '태그' 따로, '어떤종류의 이야기인가요' 따로 되있는게 굳이? 싶어요ㅠㅠ 어떤종류의 이야기인가요는 해시태그도 적고 이걸 왜 필수항목으로 꼭 체크해야하는지 잘 이해가 안됩니다.
'궁금해요'가 있는건 좋은 취지같으나, 이것 역시 굳이 따로 분리해야하나 싶어요.",05기,부정,기타,기타
사진을 여러장 업로드하거나 동영상을 올리면 앱이 갑자기 뚝 꺼져버리는 현상이 여태 2번 있었어요. 열심히 꾸미고 글 쓰고있는데 꺼지니까 의욕이 훅 사라지는........ㅠㅠㅠ 아이폰 사용자입니다,05기,부정,앱 성능/안정성,앱멈춤
스티커 회전이 안대구 가끔 스토리 편집시에 튕겨요🥹,05기,부정,꾸미기 기능 부족,스티커
"궁금해요 글 올렸는데 사진이 인코딩중으로 되어 있어요, 그리고 여전히 인코딩 시간이 길어요ㅠㅜ 짧아졌음 좋겠어요",05기,부정,기타,기타
스토리 수정 기능은 없나요? 있었으면 좋겠어요 수정하고 싶은데 안되서 삭제하고 다시 작성할까 하는데 글 복사도 안되네요ㅜㅜ 제가 못찾는걸까요..?!,05기,부정,기타,기타
동영상 길이조절기능이 있음좋겠어요 편집기능이요,05기,부정,꾸미기 기능 부족,영상편집
말풍선 디자인과 텍스트 서체가 더 다양했으면 좋겠습니다,05기,부정,꾸미기 기능 부족,스티커
앱실행 할때 꺼짐현상,05기,부정,앱 성능/안정성,앱멈춤
사진꾸미기 도중 꺼짐현상이 발생했어요.,05기,부정,앱 성능/안정성,앱멈춤
사진꾸미기 스티커 회전사용이 조금 불편해요.,05기,부정,꾸미기 기능 부족,스티커
댓글 남긴 상대 프사를 누르면 상대 페이지로 바로 넘어갔으면 좋겠어요,05기,부정,소통 기능 부족,댓글
새로워진 스몰스 조금 적응시긴이 필요했지만 다양한 기능이 많아져서 좋았어요: ),05기,긍정,기타,기타
보기가 더 편해져서 사용하기 더 좋아요💗 알아가는 재미가 쏠쏠한 스몰스 리뉴얼 버전!!,05기,긍정,기타,기타
집사가 직접 스티커 제작에 참여할 수 있으면 좋을 것 같아요! 금손 집사님이 많으실것 같아서요~,05기,부정,소통 기능 부족,커뮤니티기능
어플 저장까지 누르면 어플이 강제종료가 되네요 ㅠ,05기,부정,앱 성능/안정성,앱멈춤
내용을 올릴때 글자수 제한이 있어서 아쉬워요,05기,부정,기록 경험 불편,스토리작성
꾸미기 기능이 더 다양해졌으면 좋겠어요 ㅎㅎ,05기,부정,기타,기타
여러장 올릴수 있어서 좋아요~,05기,긍정,기록 경험 불편,스토리작성
아직 렉이 걸리는부분이 있긴하나 ,05기,부정,기타,기타
다양하게 올릴수있어서 좋습니다.,05기,긍정,기록 경험 불편,스토리작성
인코딩중에서 업로드가 아예 안되고 있습니다 오류좀 수정해주세요 ,05기,부정,기록 경험 불편,스토리작성
코딩 시간이 생긴건지 올라갈 때 자주 오류가 생기네용 ㅠ,05기,부정,기타,기타
리뉴얼 된 부분은 훨씬 눈에 잘 들어와서 조아요,05기,긍정,꾸미기 기능 부족,UIUX
어플 자체가 너무 느려요 .. 😢,05기,부정,앱 성능/안정성,속도
그리고 인코딩 되는게 많아요,05기,부정,기록 경험 불편,스토리작성
그 업데이크를 하고 나서 사진을 한번 올리고 나면 또 올릴 수가 없어요.. 앨범이 안열려요🥲,05기,부정,기록 경험 불편,스토리작성
오류때문에 흥미가 떨어져요..ㅠㅠ 오류가 하루 빨리 잡히길 바라요! ㅠㅠ,05기,부정,기타,기타
앱이 한번 씩 튕겨요ㅠㅠ,05기,부정,앱 성능/안정성,앱멈춤
선택사진 꾸미기 버튼이 잘 안눌려요,05기,부정,기타,기타
글씨체가 더 다양해지면 좋겠어요! 말풍선 없이도 글씨가 잘 보일 수 있도록 그림자 기능 같은게 추가되도 좋을것같아요,05기,부정,기타,기타
사진꾸미는 오류 한번도 없었다가 공지?본 후로 계속 생기고 있어요 ㅜㅜ 스몰스 개발팀 화이팅 입니닷!!,05기,부정,기타,기타
렉걸리고 사진올리는중에 나가져요ㅠㅠ ,05기,부정,기타,기타
스티커 원래 회전이 있었지 않았나요? ㅠㅠ 회전이 사라진거같아여,05기,부정,기타,기타
"동영상먼저 올리고 사진을 두번째로 넣었을때 사진을 꾸미고 돌아오니 적용이 안되는 문제를 여러번 경험하고 순서를 사진먼저 바꾸니 해결되더라구요,, 동영상 먼저 넣고 싶을때도 있어서 체크해봐 주세요",05기,부정,기타,기타
없습니당,05기,긍정,기타,기타
글 작성하다가 앱이 몇번 꺼졌어요…,05기,부정,앱 성능/안정성,앱멈춤
"리고 특정 이미지를 올릴때 오류가 있어서 못 올렸어요(꾸미기 기능 안됨, 꾸미기 없이 올리면 인코딩 중 으로 뜸) 다른 사진을 올릴 땐 잘되는데 그 사진만 올릴려고 하면 계속 오류가 나요 영상 올릴때 끝 부분이 잘려서 올라가요",05기,부정,기타,기타
영상 편집 기능이 있었으면 좋겠습니다,05기,부정,기타,기타
좋습니다 :),05기,긍정,기타,기타
새로운 템플릿 귀여워요!,05기,긍정,기타,기타
약간 반응이 느려요ㅠ,05기,부정,앱 성능/안정성,속도
"오류가 너무 자주 있어 업로드 포기 하는 경우가 많아요 ㅠㅠ갑자기 꺼지거나, 사진이 안뜨거나, 꾸미기가 안되거나 다양한 오류를 접했습니다",05기,부정,기타,기타
글수정 기능 부탁해요!! ㅠ^ㅠ,05기,부정,기록 경험 불편,스토리작성
감사합니다 ㅎㅎ,05기,긍정,기타,기타
고양이용 템플릿이 더욱 다양했으면 좋겠습니다 ,05기,부정,기타,기타
감사합니다,05기,긍정,기타,기타
동영상 편집기능추가가필요합니다,05기,부정,기타,기타
첨에 로딩 시간이 너무 길어요 다른 건 진짜 조아요..,05기,부정,앱 성능/안정성,속도
사진 꾸미기 기능이 잘 되지 않는 것 같습니다.,05기,부정,기타,기타
내용을 쓸 수 있거나 다양한 레이아웃과 스티커가 등장하고 있어 재밌어요!,05기,긍정,기타,기타
업로드과정에서 튕기기도 하고 렉먹어서 시간이 조금 오래걸리네요ㅠㅠ,05기,부정,앱 성능/안정성,앱멈춤
아이폰_댓글 쓰고 올리는데 오류가 났어요.(멈춤현상),05기,부정,기타,기타
스토리 선택하면 앞뒤 스토리를 쭉 이어서 볼수있으면 좋겠어요. 오늘도 좋은하루 보내세요 :),05기,부정,소통 기능 부족,커뮤니티기능
태그 입력창에 오류가 있어요~,05기,부정,기타,기타
텍스트 입력시 입력한 텍스트 일부가 씹혀 사라지곤해서 원하는 태그 입력이 어려워요~,05기,부정,기타,기타
*내용을 수정할수 있는 기능 있었음 좋겠습니다,05기,부정,기록 경험 불편,스토리작성
*궁금해요 게시판에 글을 올릴때 자꾸 사진이나 영상을 다수 올리게 되면 업로드가 되지 않는 상황인데 업데이트는 이미 된것으로 확인되나 ㅠ 동일하네요 영상이랑 사진이랑 같이 올렸는데 인코딩중 뜨면서 영상만 올라간건지 사진은 보이지 않습니다,05기,부정,기타,기타
*사진이랑 영상을 같이 올리려고 하니까 사진 꾸미기가 되지 않아요,05기,부정,기타,기타
*사진을 다운로드 받는 기능이 참 좋았는데요.(특히 다른 sns에 올리기 좋았음) 기능이 없어져서 아쉬워요,05기,부정,기록 경험 불편,공유
"아이폰인데, 기존 카메라 앨범을 그대로 사용하지 못해서 아쉬워요ㅠㅠ (원래는 가능했던 것으로 기억합니다..!) 좋아요한 사진 등등 ‘사진’ 앱에서 만들어둔 앨범을 스몰스 앱에서도 사용할 수 있으면 편할 것 같아요!",05기,부정,기타,기타
"""스티커를 조정하는게 너무 힘들어요 ㅠㅠ
뭐랄까 크기 조정이나 등등 스티커가 잘 안따라와줘요""",05기,부정,기타,기타
새로워진 스몰스 굿굿 💗,05기,긍정,기타,기타
스티커를 사용한상태에서는 등록이 된다고 하셨는데 스티커를 사용해도 인코딩에서 넘어가질 않아요 ,05기,부정,기타,기타
계속 인코딩 중입니당😭,05기,부정,기타,기타
버퍼링이 심해지고,05기,부정,앱 성능/안정성,속도
스티커가 크기 조절만 가능하고 각도조절이 안됩니다ㅠㅠ,05기,부정,기타,기타
ㄴ ㅔ감사합니다,05기,긍정,기타,기타
스티커 회전이 안대요ㅠㅡㅠ 크기조절 하는 법도 조콤 이상해유ㅠㅠ,05기,부정,기타,기타
귀여운 레이아웃 더 추가되엇으면 좋겟어용,05기,부정,기타,기타
저는 아이폰 13프로인데 여러장 올리면 템플릿이 안대요ㅠㅠ  ,05기,부정,기타,기타
그리고 궁금해요 같은 경우는 글자수 제한을 좀더 늘리면 좋울거같아요!!,05기,부정,기록 경험 불편,스토리작성
또한 사진 올릴때 혼자 회전되어 적용되눈 경우가 있더라구요!,05기,부정,기타,기타
-사진 올리는 중에 앱이 강제 종료됩니다.,05기,부정,앱 성능/안정성,앱멈춤
-태그가 내용과 다르게 추가됩니다. (예를 들어 ‘강아지’를 검색후 ‘강아지’와 ‘강아지산책’이 떠서 ’강아지산책‘ 을 추가하면 ’강아지’가 추가가 되더라구요,05기,부정,기타,기타
-이모티콘을 댓글에 입력하면 전송 버튼이 사라집니다.,05기,부정,기타,기타
-댓글창은 보기좋고 남기기 좋게 바뀌었으면 좋겠어요. 좋아요나 팔로우 버튼보다 댓글창이 위에 있으면 좋겠다는 생각도 듭니다.,05기,부정,소통 기능 부족,댓글
하트나 댓글알림 창에서 알림을 클릭했을때 해당 게시물로 바로 들어갈 수 있으면 좋겠어요!,05기,부정,기록 경험 불편,알림
정방향 사진을 올리고 꾸미기 들어가면 자꾸 사진이 90도로 회전이 되있어요!ㅠ (꾸미기전에 회전을 바로 돌려놓고 꾸며요 ㅠㅠ),05기,부정,기타,기타
꾸미기 무한로딩,05기,부정,기타,기타
스티커 다양한거많이해주세욤!😝,05기,부정,기타,기타
댓글에서 스토리 바로 방문하는 기능 얼른잇엇으면 좋겟어요 답방을 가려고해도 검색해서 가야되서 너무 불편해용 ㅠㅠ ,05기,부정,소통 기능 부족,댓글
그리고 영상이랑 사진이랑 같이올리면 사진을 꾸며도 올릴때 안꾸며져서 올라가는고같아영!,05기,부정,기타,기타
사진을 선택했을때 <선택할수없는파일입니다>라고 팝업이 뜨는 경우는 왜인가요?ㅠ,05기,부정,기타,기타
동영상스토리의 음성이 앱을 종료해도 꺼지지않습니다.,05기,부정,기타,기타
또한 동영상스토리를 누르지않았는데도 소리가 나옵니다ㅠㅠ,05기,부정,기타,기타
템플릿 더 많이 만들어주세용,05기,부정,기타,기타
댓글 창에서 다른 사용자 클릭하면 그 사용자 피드로 이동가능하면 더 좋을것 같아요!!,05기,부정,소통 기능 부족,댓글
스토리 수정 기능이 얼른 나오면 좋겠어요 ㅜㅜ,05기,부정,소통 기능 부족,댓글
태그 선택시 선택이 다른태그가 선택되는 오류가 있어요 ㅠㅠ! ,05기,부정,기타,기타
꾸미기 무한로딩 오류때문에 어플 지우고 다시 설치했는데도 오류가 계속되고 있습니다....ㅜㅜ 그래서 몇건은 못 꾸미고 올렸습니다🥲,05기,부정,기타,기타
영상에노래삽입 영상자르기등 영상도편집할수있는기능이있으면좋겠습니다,05기,부정,기타,기타
감사합니당,05기,긍정,기타,기타
자주쓰는 태그는 한번에 몇개씩 선택해서 올라갔으면 좋겠어요~ 오늘도 내일도 스몰스 함께 화이팅해요!!!,05기,부정,기타,기타
댓글 달때 댓글 입력란 옆에 완료버튼이 있었으면 좋겠어요~(아이폰은 키패드 전송을 눌러야해서 조금 불편해요),05기,부정,소통 기능 부족,댓글
새로운 스티커 업로드 원해요 :),05기,부정,기타,기타
사진 꾸미기 시 버퍼링이 생기는 경우가 많습니다.,05기,부정,기타,기타
한번더 로딩 걸리길래 또 지웠다 깔았어요!@ 아직 뭐때문인지는 저도 모르겠네요ㅜㅜ,05기,부정,기타,기타
.,05기,긍정,기타,기타
댓글을 타고 계정으로 이동하는 부분이 있었음 좋겠습니다 ,05기,부정,소통 기능 부족,댓글
감정 표현하는 스티커가 조금 더 있었음 좋겠어요,05기,부정,기타,기타
말풍선 스티커에 바로 텍스트 입력 할 수 있었음 좋겠습니다/,05기,부정,기타,기타
사진 업로드 하고 공유 할 수 있었음 좋겠습니다,05기,부정,기록 경험 불편,공유
안드로이드앱 오류로 꾸미기를 못해서 사진이 허전하네요 ㅠㅠ,05기,부정,기타,기타
앱오류인지 사진꾸미기가 불가능합니다,05기,부정,기타,기타
좋아요 누르거나 댓글 달아준 이웃이 알람으로 뜨는데 거기서 이웃 누르면 바로 이웃 스토리를 볼 수 있으면 좋겠어요,05기,부정,기록 경험 불편,알림
태그 달때 검색 한 다음 추가 누르면 위에 있는게 입력 되요 뭔가 오류가 있는 듯 합니다ㅜㅠ,05기,부정,기타,기타
글갯수랑 좋아요 갯수 글씨가 흰색인데 바탕이 흰색이면 안보이는게 조금 불편 한 것 같아요,05기,부정,기타,기타
태그 추가가 너무 어려워요~ 입력하는 글자들이 자꾸 사라지네요~,05기,부정,기타,기타
스몰스 스티커 다양해져서 조아용🖤,05기,긍정,기타,기타
"스토리 업로드하는 과정에서 앱오류가 심해요..
사진 선택을 했는데 튕겨진다던지.. 사진 꾸몄는데
앱이 그냥 꺼져버린 경우도 있고 사진 선택하는데 엄청 느려서 조금 답답했습니다ㅠㅠ",05기,부정,기타,기타
수요일에 높은 확률로 늦게 집에 도착해서 ㅠ 오자마자 바로 제출했는데 자정이 넘어버렸네요 ㅠㅠ 죄송해요 ! ,05기,긍정,기타,기타
수정이 가능했으면 좋겠습니다,05기,부정,기록 경험 불편,스토리작성
버벅임이 잦습니다아 ㅠㅠ,05기,부정,기타,기타
앱 오류가 빨리 해결이 되었으면 좋겠습니다 😭😭,05기,부정,기타,기타
"이제 앱오류는 거의 없는 것 같아요!!
스티커와 템플릿이 더 다양하면 좋겠어요 ㅎㅎ",05기,부정,기타,기타
수정기능과 글자수제한이 너무 불편합니다,05기,부정,기록 경험 불편,스토리작성
그동안 너무 즐겁게 활동했습니다 감사합니다!!!,05기,긍정,기타,기타
사진 첫 편집시 회전되어있는 오류가 있어요-! ,05기,부정,기타,기타
스티커는 여전히 회전이 안대구요ㅠㅠ,05기,부정,기타,기타
스토리태그 선택할때 한줄씩 밀려서 선택이 되어요-!,05기,부정,기타,기타
그동안 함께 해서 즐거웠어요❤️ 앱오류는 한번씩 튕기는거..? 자주는 아니고 사진 등록할때 한번씩 그러더라구,05기,부정,기타,기타
요 태그 오류도 있어요 간혹 추가 버튼이 활성화가 안되네요,05기,부정,기타,기타
동영상을 올릴 때 일부 동영상이 올라가지 않았습니다.,05기,부정,기타,기타
아직도 저는 게시물 하나 올리면 다시 오류가 나더라구요ㅠㅠ 핸드폰 기종은 z플립 3입니다!! ,05기,부정,기타,기타
댓글 달때 피드에서 바로 달 수 있음 편할것같아요. 그리고 심플하면서 일상 사진에 잘 어울릴만한 템플릿도 만들어주세요 ㅎㅎ,05기,부정,소통 기능 부족,댓글
"게시물 유형을 궁금해요로 올렸는데, 홈화면-> 궁금해요 탭에 안뜨는 게시물이 종종 있었어요!",05기,부정,기타,기타
아직도 무한로딩이 계속됩니다...ㅠㅠ 2월10일자 업데이트도 했으나 여전히 안됩니다.,05기,부정,앱 성능/안정성,앱멈춤
댓글달때 댓글전체보기 누른다음에 댓글작성할수있는게 불편합니다ㅠㅠ 바로 댓글 달수있게 개선되면 좋을것같습니다,05기,부정,소통 기능 부족,댓글
동영상 업로드시 섬네일을 고를 수 있으면 좋을것같습니다.,05기,부정,기록 경험 불편,스토리작성
댓글 허용 글자수 조금 더 길게 해주셔도 될 것 같아요!ㅎ,05기,부정,소통 기능 부족,댓글
알림창에 다른 친구들이 좋아요 누르고 댓글 단 내역에서 바로 그 피드로 넘어갈 수 있는 기능이 있었으면 좋겠습니다,05기,부정,소통 기능 부족,커뮤니티기능
답글을 바로 달고 싶은데 연동이 안되서 다시 피드로 돌아가 댓글을 확인 해야하는 번거로움이 있어요! 자유스럽고 편안한 소통에 도움이 될 것 같아요!,05기,부정,소통 기능 부족,댓글
림에서 바로 스토리 갈수잇거나 댓글에서 스토리 갈수 있었으면 좋겟어욥 앱오류는 많이 줄어들었는데 가끔 스티커가 안눌러지는 경우가 있더라구요,05기,부정,소통 기능 부족,댓글
시작 페이지에서 렉이 걸려서 3번만에 들어왓어요 ㅠ,05기,부정,기타,기타
댓글창에서 사용자 이름이나 플필사진을 누르면 그 사람 스토리(프로필?)로 바로 이동할 수 있었으면 좋겠어요 지금은 그게 안돼서 찾아서 들어가야하니 불편합니다,05기,부정,소통 기능 부족,커뮤니티기능
오류 : 게시글 태그 입력할때 검색한 태그를 선택하면 바로 위 태그가 선택됩니다 ㅠㅠ,05기,부정,기타,기타
글씨를 쓰는 게 너무 불편해요 ㅠㅠ사이즈 조절도 각도 조절도 글씨 크기도 마음대로 할 수 없어서 글씨를 말풍선에 넣을 때마다 힘들어요 말풍선 자체를 글씨를 넣을 수 있으면 좋을 것 같아요,05기,부정,기타,기타
스토리 수정기능도 빨리 되었으면 좋겠어요~스토리 내용입력할때 중간에 글씨 수정이 안되는거같아요(내용기입후수정위해 중간에 커서를 두고 글씨삽입을 하려하면 안되고 글씨가 뒤로 밀려요),05기,부정,기록 경험 불편,스토리작성
"스티커 사이즈 줄이는게 뭔가 불편해요
원하는 사이즈로 만들려고 한참을 늘렸다 줄였다 하는 번거로움이 조금 있는 듯 합니다
그리고 어떤 스티커는 더 작게 하고 싶은데 안되더라구요
스티커 사이즈를 조금 더 자유자재로 조절이 가능 했으면 좋겠습니다",05기,부정,기록 경험 불편,스토리작성
첫 화면이 인기로 뜨는데 매일 들어가도 대부분 똑같은 스토리라 솔직히 잘 안봐져요,05기,부정,기타,기타
차라리 팔로우 하는 이웃 스토리나 최신 스토리가 바로 뜨면 좀 더 이글 저글 잘 볼 것 같아요,05기,부정,소통 기능 부족,커뮤니티기능
스티커 사이즈 조절 및 로테이션 힘들어요,05기,부정,기타,기타
스티커 사이즈가 더 축소 되면 좋을 것 같아요!,05기,부정,기타,기타
동영상은파일이커서 여기업로드되지않아요ㅠㅠ그래서 늦었습니다ㅠ일단다른사진으로대체해서올립니다,05기,긍정,기타,기타
스티커 위치 조정  ㅠㅠ,05기,부정,기타,기타
사진 회전 후 자르기를 하면 적용이 안되고 이직도 무한 업로드 중인 게시글들이 있어요,05기,부정,기타,기타
댓글에서 다른사람 프로필 누르면 그사람 피드로 이동할수 있었으면 좋겠어요!,6기,부정,기타,
스티커 확대축소 회전기능이 약간 불안정해요! (추후 적용),6기,부정,기타,
인형뽑기 템플릿 생기면 넘넘넘 귀여울것같아요>.<,6기,부정,기타,
"사진 올릴때 가끔 오류로 튕겨버려요🥹 스티커,,,회전,,,플리쥬 ,,,,,,, ",6기,부정,기타,
"필수(어떤종류의이야기인가요)의 선택지가 늘어나면 좋겠습니다! 강아지와 고양이밖에 없어서 새, 햄스터, 고슴도치 등등 다른 반려동물 선택지는 없는게 아쉬워요. 아니면 필수선택지도 직접작성할수있으면 좋겠습니다.",6기,부정,기타,
이번 미션을 제가 잘 이해한게 맞는지 모르겠네요.. 그리고 최근에 제로 게시물에 달린 댓글 하나를 신고했는데 신고처리가 어떻게 되었는지도 궁금하고요,6기,부정,기타,
스토리올리려 하는데 사용할 수 없는 문자가 포함되어있다해서 한줄 씩 지우는데도 똑같음 다시시도하자 앱오류가 떠서 실행다시하라함 먗번 반복해도 똑같은 결과여서 댓굴에 글남김 ㅜㅠㅠ ,6기,부정,기타,
스티커 종류가 다양하게 더 많았으면 좋을 듯. 그리고 스티커 회전이 안되서 불편함,6기,부정,기타,
댓글 글자 제한 수가 아쉬워용,6기,부정,기타,
댓글 전부 한번에 다 보여졌으면 좋겠어요~,6기,부정,기타,
댓글단 아이디 클릭시 바로 그아이디로 이동했으면 좋겠어요,6기,부정,기타,
스토리 글작성할때 글씨중간삽입수정이 안되요~,6기,부정,기타,
"더 즐거운 템플릿, 스티커가 업그레이드 되었으면 좋겠어요",6기,부정,기타,
글을 수정할 수 있는 기능이 꼭 꼭 생기면 좋겠어요!,6기,부정,기타,
좋아요 눌러준 계정을 바로 연결 할 수 있었으면 좋겠어요 다른계정 찾아서 놀러 가야해서 조금 불편합니다,6기,부정,기타,
계절별이나 특별한 공휴일 버전의 스티커나 플랫폼이 조금더 다양했으면 좋겠습니다,6기,부정,기타,
"궁금해요란에 추천이랑 카페, 운동장 카테고리가 추가되어도 좋을것같아요-!",6기,부정,기타,
템플릿 종류가 더 많아졌으몀 해용!,6기,부정,기타,
태그하는 방식이 더 쉬우면 좋겠어요!,6기,부정,기타,
필터가 더 다양해지고,6기,부정,기타,
꾸민 사진이 저장되면 좋겠어요,6기,부정,기타,
태그 선택 하는게 좀 어려워요 ㅠㅠ,6기,부정,기타,
스티커 크기와 방향 전환 하는게 엄청 버벅거리고 큭히 방향 전환은 스티커 하나 당 2분은 시도해야 그나마 되는 것 같아요 ㅠㅠ 스티커 방향 전환도 스무스하게 되면 좋을 거 같아요 :),6기,부정,기타,
스티커나 필터 기능이 조금 더 풍부해졌음 좋겠어요!!,6기,부정,기타,
사진불러오는 작업이 직접 내 사진첩에서 선택해서 쓸수있으면 편할거같습니다.,6기,부정,기타,
스티커가 다양해졌으면 좋겠습니다.,6기,부정,기타,
핸드폰에 있는 앨범을 앱 내에서도 사용할 수 있으면 좋겠어요. 예전에 찍은 사진을 업로드하기가 너무 어려워요(최신 순서로 되어 있어서 거슬러 올라가야함),6기,부정,기타,
태그달 때 연관 검색이 아래 떴으면 좋겠어요.,6기,부정,기타,
사진 꾸밀 때 스티커 회전에 조금 불편한 감이 있었습니다!,6기,부정,기타,
앱 처음 들어갈 때 로딩이 조금 긴 편인 듯 싶습니다.,6기,부정,기타,
"테그 달때 두반째 테그 달때는 고양이, 그 아래 고양이 일상이 있으면 고양이 버튼늘 눌러야 일상 테그가 달려요.",6기,부정,기타,
스티커 크기 조절이 자유롭지 않아요,6기,부정,기타,
"스토리 별도 저장 기능 혹은 타 sns 연동되는 기능이 있으면 좋겠고,",6기,부정,기타,
"꾸밀때 인터페이스가 좀 불편합니다ㅠㅠ 사진을 전체적으로 보고 수정하고 싶은데 꾸밈용 인터페이스가 그걸 다 차지하고, 가릴경우도 불편해서 동시에 보면서 수정 가능하게 해야 할 것 같아요:)",6기,부정,기타,
스티커가 조금 더 많이 생기면 좋을거 같아용,6기,부정,기타,
우선 적응 단계! 스티커 꾸미는 게 아직 익숙하지 않아서 그런지 어렵네요😅,6기,부정,기타,
템플릿을 다양하게 추가했으면 좋겠어요.,6기,부정,기타,
스티커랑 필터가 더 많았으면 좋겠어요!!,6기,부정,기타,
그리고 글 수정될 수 있게 해주세 요ㅠㅠㅠㅠ,6기,부정,기타,
"태그할 때 때그가 한칸 밑으로 밀려요,,1번칸 태그하려면 2번칸태그를 눌러야 1번칸 가능,,,",6기,부정,기타,
"테그 클릭 오류, 수정이 가능했으면 좋겠어요^^",6기,부정,기타,
스티커가 더 다양했으면 좋겠어용,6기,부정,기타,
앱처음 키는데 로딩이 오래 걸릴 때가 있어요!,6기,부정,기타,
템플릿이랑 스티커가 귀엽던데 더 종류 다양하면 좋을 것 같아요 ◡̈,6기,부정,기타,
올린 스토리 수정하는것이 없고 글을 쓰고있는데 수정이 안되서 너무 힘들었어요!! 그것만 계선되면 좋을꼬같아요,6기,부정,기타,
텍스트 넣는 글씨도 다양하게 있었으면 좋겠어요! 첨이라 많은걸 시도 못했지만 2차때는 다양하게 활용해서 올려보겠습니담💕,6기,부정,기타,
지금까진 만족스러워요 조금더 이용해볼게요!,6기,긍정,기타,
아직은 익숙치 않아서 불편한데 조금 더 사용해 볼게요~,6기,긍정,기타,
"—(앱 오류 01) 태그부분 
:태그-검색창-강아지라고 치면 밑에#강아지 #귀여운 강아지 등등 나오는 부분에,제가 강아지 일상을 추가하면,그 위에 있는 귀여운 강아지가 추가가 됩니다. 다른것도 검색을 해봐도,동일해요.해시태그 오류인거같아요.",6기,부정,기타,
"-(앱 오류 02)스티커 부분 : 스티커 - 코디 들어가시면,해바라기와 병아리 부분이 오류인것 같아요.병아리를 클릭시,해바라기가 뜨고,해바라기 선택시,병아리가 뜹니다.",6기,부정,기타,
"-(스토리 업로드 방식) 누가 등장하나요?부분
: 반려견/묘를 선택을 해야하는데, 뭐가 반려견이고 뭐가 반려묘인지,인지가 안되더라고요. 그이유가 아이콘 원 부분이 회색으로 비어있었어요. 그래서 어떻게 해야 하는지도 모르겠고,방황하다가 깨달았는데,제가 반려동물 이미지를 추가를 안 하면, 그게 비어있는거 더라고요.그걸 비어있는것 보다 스몰스를 알리는 대표 반려견/묘 캐릭터를 아이콘에 넣어주면 이미지를 추가하면 되구나 라고 더 쉽게 인지할수있을 것 같아요.",6기,부정,기타,
"-(스티커) 스티커 검색 부분 : 스티커 검색바가 있었으면 좋겠어요. 찾고 싶은 스티커를 검색을 하여,더 쉽고 빠르게 찾을 수 있도록.검색바가 없으니,하루종일 스크롤 해야하는 번거로움이 있어요. 열심히 스크롤을 했는데,원하는 스티커가 없으면, 허무함이 크더라고요.",6기,부정,기타,
"-(필터)스몰스만의 특색있는 다양한 필터가 있었으면 좋겠어요. : 안드로이드는 잘 모르겠지만,아이폰유저로써,아이폰 기본 필터,색감조정이 되지만,다양한 필터가 없어서,항상 색보정은 다른 어플로 이용하는데요. 스몰스의 어플을 간단히 요약하자면, 반려동물의 위한 사진어플인데, 사진어플에 비해 필터가 다양하지않고,스몰스어플에서 보정,필터,스티커등등 다 해결을 해서 이미지를 올려야 편안하고, 더 애용하고,애착이 가는 어플이 될거같은데,그런 필터가 없어,사진 보정을 다른어플과 스몰스어플을 반복해서 이용해야하니,불편했어요.",6기,부정,기타,
소듕해 부분에 대한 스티커 넣어주세요🙏 유용하게 쓰일것같아요🤭💓,6기,부정,기타,
"댓글이 시간 순서대로 윗쪽부터 뜨면좋겠습니다.
지금은 댓글을 쓰면 아래로 내려가서 읽기 불편합니다ㅠㅠ",6기,부정,기타,
스토리 올린뒤에도 수정할 수 있으면 좋겠어요~스토리 내용 입력할때 중간 글씨 수정이 안되요~(글씨삽입이 안되고 글씨가 뒤로밀려요_아이폰12프로) 스몰스 늘 즐겁게 사용하고 있어요~감사합니다 : ),6기,부정,기타,
글 수정기능이 아직 없는 것으로 알고 있은데 꼭 생겼으면 좋겠습니대 실수하게 되면 새로 글을 올려야하는데 ㅠ 참 힘든것같아요 ,6기,부정,기타,
갤러리에서 사진찾을때 맨 하단에 있는 사진 찾고 싶을때는 손으로 내리기보단 옆에 스크롤 버튼이 있으면 더 편할 것 같아요!,6기,부정,기타,
동영상이 여러개 올라갔음 좋겠어요. ,6기,부정,기타,
스티커 코디에 해바라기랑 병아리랑 탭설정이 바뀐거 같아요 병아리 누르면 해바라기가 뜨고 해바라기 누르면 병아리가 떠요,6기,부정,기타,
네.^^ 동영상도 편집할 수 있으면 좋겠어요.,6기,부정,기타,
사진에 편집시 화살표 누르고 크기 조절이 안되고 손가락두개로 조정해야하네요.저만 그럴까요?ㅜㅠ작게도 하고 싶은데 조절이 잘 안되서 아쉬워요.,6기,부정,기타,
댓글이나 좋아요 해 준 친구 스토리로 바로 넘어갈 수 있는 기능이 있나요? ,6기,부정,기타,
안농하세요 파이 옴망이에요! 아직도 글 수정이 힘들어서 피드백 남겨요! 글을 쓰다가 중간에 글을 채워넣기가 너무 힘들어욤! 그것만 수정하면 잘 애용할슈있지않으까 해요!',6기,부정,기타,
"영상이랑 사진을 같이 올릴때,사진을 꾸미고 오케이하면,꾸민사진이 사라져요ㅠㅠ
",6기,부정,기타,
"사진꾸밀때,그런것도 있으면 좋겠어요.명화 얼굴이라든지 사람행동에 강아지 얼굴/표정 합성할수 있게!! 그면 재미있을것 같아요!",6기,부정,기타,
더 다양하게 꾸미고 핸드폰에 저장되면 좋겠어요,6기,부정,기타,
글 수정이 안되서 아쉬워용🥲,6기,부정,기타,
동영상 편집 기능 같은 것도 있으면 좋을 것 같아요!,6기,부정,기타,
댓글단 친구의 프로필을 클릭하면 바로 그 친구의 페이지에는 갈수 없나요??,6기,부정,기타,
"사진꾸미기 시 글자 확대 및 축소, 회전이 원활하게 되었으면 좋겠어요:)",6기,부정,기타,
"댓글에서 댓글 달아준 상대 프로필을 클릭하면, 상대 피드를 구경할 수 있으면 좋겠습니다🖤",6기,부정,기타,
태그가 사용하기 좀 어려워요!!,6기,부정,기타,
안에 넣는 텍스트 포인트를 조절할 수 있었음 좋겠어요!,6기,부정,기타,
"소통을 하고 싶은데 쉽지가 않아요..(알람이 잘오지 않고, 사진을 보고 바로 댓글을 남기고 싶다, 굳이 사진을 누르고 아래로 내려야 댓글 써야하는게 불편하다)",6기,부정,기타,
테그 고양이 치면 선택이 한칸씩 밀려서 나와요,6기,부정,기타,
유기묘 태그가 안걸려요ㅠㅠㅠ,6기,부정,기타,
최근 사용했던 태그 내역이 뜨면 좋겠어요-! 아직도 스티커 회전이 너무 잘안대요❤️‍🔥,6기,부정,기타,
네❤️,6기,긍정,기타,
댓글 작성이 약간 불편해요.. 게시 버튼이 따로 있으면 좋을것같아오 이모티콘 쓰고 바로 게시가 안되어서요,6기,부정,기타,
"스티커 크기조절이 많이 불편해요 ㅜㅜ!! 
이거 개선 됐으면 좋겠어요",6기,부정,기타,
영상 편집 시간별 편집 기능이 있었음 좋겠습니다,6기,부정,기타,
템플릿에 있는 그림을 좀 옮길 수 있었음 좋겠어요 액자처럼 쓰는거긴한데 ㅠ 사진이 자꾸 가려져서 아쉬워요 🥲🥲 ,6기,부정,기타,
위치 태그 하는 기능도 있음 좋을것 같습니다,6기,부정,기타,
좋아요!,6기,긍정,기타,
스토리 태그 시 태그 입력하면 밑에 같은 내용의 태그가 나오는데 누르면 같은 태그가 아닌 다른태그로 표시 되는 경우가 있어요. 4월에 수정사항이 개선된다고 해서 더 기대하고 있어요. 건강한 한주 보내시길 바랄게요 감사합니다 :),6기,부정,기타,
갤러리에서 사진 찾는게 어려워서 더 쉽게.바뀌았으면 좋겠아요!,6기,부정,기타,
글자색상이 다양했으면 좋겠습니다! 빨간색이 없어서 아쉬웠어요ㅜㅜ,6기,부정,기타,
스티커 크기변경도 좀더 원활하게 되면 좋을것같아요! 손가락 두개를 이용해서 왔다갔다하는데 잘 안되네용ㅠㅠ,6기,부정,기타,
태그할때 글자 수가 제한이 없었으면 좋겠어용,6기,부정,기타,
스티커가 맘처럼 잘 안 움직여요 ㅜㅜㅋㅋㅋ ㅋㅋ,6기,부정,기타,
폰앨범에도 저장되면 좋겠어요~~,6기,부정,기타,
동영상추가 배경음악 추가되면 좋을거같아요👍🏻,6기,부정,기타,
동영상 게시물을 볼때 일반게시물 보듯 사진터치하면 선택이되서 재생이 되면 좋겠습니다 지금은 재생버튼을 눌러야 재생이되는 페이지가 열리고 사진을 터치하면 그냥 사진이뜨는 페이지가 열리더라고요,6기,부정,기타,
없습니다!,6기,긍정,기타,
미션 공지를 한번에 확인하기 어렵네요 ㅠ,6기,부정,기타,
댓글에 있는 사람 누르면 그 사람 홈으로 넘아갈 수 있으면 좋겠어요. 댓글 단 사람에게 쉽게 방문해서 피드백 해주고 싶습니다.,6기,부정,기타,
.,6기,긍정,기타,
스토리 부분을 누르면 게시글의 좋아요와 댓글 수가 바로 보이는 건 좋으나 하얀 글자에 투명 배경이라 알아보기가 너무 힘들어요 🥹,6기,부정,기타,
"좋아요, 댓글이 눈에 띄었으면 좋겠어요 🫰🏻",6기,부정,기타,
텍스트 사이즈를 숫자로 조절할 수 있으면 좋겠습니다,6기,부정,기타,
"사진과 영상을 같이 올릴려고 체크하고,사진만 따로 스티커로 꾸미고 저장하면,다 리셋이 됩니다ㅠㅠ  계속 반복해도ㅜㅠ ",6기,부정,기타,
"사진꾸미기 텍스트 사이즈 조정시 각도가 자꾸 기울여지는데, 모양스티커는 각도 조절이 잘 안되고, 제가 서투른걸까요??🥲",6기,부정,기타,
스몰스 재미있게 잘 사용중잊니다🥰,6기,긍정,기타,
좋아요 혹은 댓글 달아준 친구 피드로 바로 갈 수 있는 기능 원해요,6기,부정,기타,
넵!!^^,6기,긍정,기타,
수정 예정된거 얼른 수정되었으면 합니다!,6기,부정,기타,
🔸템플릿 안에 사진 크기나 위치조정도 가능했으면 좋겠어요. 템플릿이 마음에 드는데 장식이 애얼굴에 걸쳐지거나 할때가 있더라고요. 아니면 기본 템플릿에 있는 스티커 위치를 옮기거나 크기를 조정하면 더 잘 쓸것 같아요,6기,부정,기타,
🔸글씨크기를 포인트로 줄이고 싶어요. ㅜㅠ 조정하기가 조금 힘들때가 있어요.,6기,부정,기타,
"🔸티비속에 있는듯한 템플릿, 찜질방이나 목욕탕 템플릿+용품 스티커",6기,부정,기타,
이모티콘 방향 조절? 각도 조절 하는게 편하게 바로바로 좀 안되는 것 같아요!!,6기,부정,기타,
네!,6기,긍정,기타,
사진 올리기전에 첨부하고 나서 순서 바꿀수 있으면 좋겠습니다^^,6기,긍정,기타,
지금처럼 파이팅!!! 하세영~~~~,6기,긍정,기타,
태그시 다른 단어는 선택후 취소하면 리셋이 되는데 강아지 단어는 세번이상 취소를 눌러야 리셋이 되요,6기,부정,기타,
사진 꾸밀수 있는 스티커랑 배경 더 많이 내주세요 >.<,6기,부정,기타,
스토리 수정기능...이 시급해요..😭,6기,부정,기타,
다양한이모티콘있었으면조ㅗ겠어요ㅠㅠㅠ 사진을 꾸미기가 좀 어려워여ㅠㅠ,6기,부정,기타,
동영상도 꾸밀 수 있었으면..ㅎㅎ,6기,부정,기타,
최근 이용한 태그 바로 사용할 수 있게해즈세욤-!,6기,부정,기타,
이제 적응 해서 다른친구들꺼 보면서 입꼬리 열심히 올라가고있어요~! 템플릿이 조금더 다양했으면 더 신날것 같아요😍,6기,긍정,기타,
태그가 자꾸 오류 떠요ㅜㅠ,6기,부정,기타,
스토리 올리면 인코딩 시간이 조금더 짧았으면 좋겠어요~,6기,부정,기타,
동영상 올릴때 가로영상이 잘려서 올라가는 현상은 원래 그런건지 잘못올려서그런건지 알고 싶어요~(가로영상도 그비율그대로 올라갔으면 좋겠어요),6기,부정,기타,
오늘도 즐거운 하루보내세요~ 늘 스몰스 덕분에 즐거워요 감사합니다 :),6기,긍정,기타,
스토리에서 글을 클릭 한 후 다른 스토리를 보려면 창늘 아예 나가야 하는데 스크롤 위아래로 움직이면서 쉽게 다른 글로 넘어가는 기능이 생기면 좋을 것 같아요 💛,6기,부정,기타,
넵~!,6기,긍정,기타,
스토리 올린글도 수정을 할수있었으면 좋겠어욤!!,6기,부정,기타,
넵,6기,긍정,기타,
넵,6기,긍정,기타,
태그 입력시 안되는것도 있어서 자유롭게 입력 가능했으면 좋겠어요😊,6기,부정,기타,
사진 순서 수정가능하면  좋겠어요,6기,부정,기타,
장소태그는 안되나요?,6기,부정,기타,
감사합니다,6기,긍정,기타,
태그할때 글자 수 제한이 없어지면 좋겠어요,6기,부정,기타,
네,6기,긍정,기타,
없습니다! 감사합니다 :),6기,긍정,기타,
❤️,6기,긍정,기타,
넵,6기,긍정,기타,
"사진두개 연속으로 올려두고 둘다 꾸미기 할때 텍스트를 한장에 입력하고 다음장 넘겨 다른텍스트를 쓰고싶은데 텍스트 추가가 안되요 ㅠ 그래서 일단 완료를 누르고 꾸미기 모드를 나간다음 다시 들어와서 
나머지 사진 텍스트를 입력하고 있는데 저만 이런 증상인건지 확인한번 해주세요!!",6기,부정,기타,
스티커 종류가 많아져서 좋아요!,6기,긍정,기타,
없음,6기,긍정,기타,
네,6기,긍정,기타,
글씨체가 더 다양하게 있음 좋을거같아요^^,6기,부정,기타,
동영상 길이 편집이 가능했으면 좋겠습니다,6기,부정,기타,
저작권 문제로 음악 삽입이 어려울거같긴한데 음악 넣는것도 가능하면 좋을거같아요,6기,부정,기타,
텍스트의 색깔이 좀 다 다양하면 좋을것같습니다,6기,부정,기타,
영상도 꾸밀수 있으면 좋겠어요,6기,부정,기타,
"댓글남겨주신분들 답방갈수있게 닉네임 누르면 이동할수있게 해주세요
",6기,부정,기타,
동영상 길이 및 텍스트나 스티커 추가 편집 기능,6기,부정,기타,
동영상을 1개 이상 업로드할 수 있으면 좋겠어요!!,6기,부정,기타,
"사용할 수 없는 문자가 포함되었다며 오류가 발생했는데, 욕설을 사용하지 않았어서 어떤 문자인지 한참을 수정했네요ㅠ 사용할 수 없는 문자가 뭔지 바로 알 수 있게끔 알림과 함께 떴으면 좋았을 것 같아요!",6기,부정,기타,
스티커와 텍스트 글자 크기 조절과 회전이 쉽게 잘 되었으면 좋겠어요 !,6기,부정,기타,
폰에 저장가능,6기,부정,기타,
"스티커 회전이 너무 잘 안대여,,,🥹🥹",6기,부정,기타,
내용수정이랑 움식과일사진이 아닌 하트이모티콘이나 다양한이모티콘추가해줬으면 좋겠어요!!,6기,부정,기타,
긴글쓰다보니 500자는 터무니없이 적어서... 하고싶은말을 다못했어요..ㅎㅎ,6기,부정,기타,
업로드한 사진과 영상이 스몰스로 꾸며진 버전으로 다운로드되면 좋겠어요~~~!,6기,부정,기타,
댓글 단 친구 누르면 프로필 들어갈수 있으면 좋겠어요😊,6기,부정,기타,
스토리 수정가능해졌으면 좋겠어요~,6기,부정,기타,
나만의 템플릿만들기 할수있으면 좋겠어요(원하는데로 꾸미기) 반려동물 얼굴이나 모습을 스티커로 만들어 사용할수있으면 좋을거같아요~스몰스 화이팅~늘 감사합니다 :),6기,부정,기타,
댓글 달아준 친구 닉선택하면 바로 스토리 연결됬으면 좋겠어요.,6기,부정,기타,
추천해요나 꿀팁 부분도 선택되었으면 좋겠어요.,6기,부정,기타,
텍스트 작성시  다양한 자막 폼이나 글 서식이 있으면 좋겠어요.,6기,부정,기타,
"사진과 영상을 선택하고 꾸미고난뒤 , 사진한장을 더 추가하고 싶어서 추가시,미리 꾸민사진이 다 사라져요 ㅠㅠ",6기,부정,기타,
댓글에서 사용자 다이어리로 넘어갈 수 있게 하는것,6기,부정,기타,
동영상 썸네일을 선택할 수 있으면 좋겠습니다!,6기,부정,기타,
"반짝반짝 효과에 스티커나 스팡클 같은 것도 있었으면 좋겠어요 눈옆에 초롱초롱 하다 표시하고 싶아요! 그리고 빠직, 느낌표, 물음표 같은 것이 감정표현스티커에 들어가면 좋을 것 같아요!",6기,부정,기타,
글 쓴 다음에도 수정이 되면 좋겠어요,6기,부정,기타,
수정기능은 언제쯤 될까요?,6기,부정,기타,
위치 태그 기능이 있으면 산책길 소개도 되고 병원소대도 되고 좋을것같아요,6기,부정,기타,
스티커에 강아지 이모티콘 같은것이 있었으면 좋겠어요! 또 기분을 나타내는 말풍선 스티커도 있었으면 더 좋을꺼같아욤!,6기,부정,기타,
스티커 회전이 불편해요 ㅠㅜ,6기,부정,기타,
스티커가 더 추가되면 좋겠어요 ! 폰트도요!,6기,부정,기타,
아직 친구들과의 소통이 뭔가 어려운 것 같아요 왔다갔다 왕복소통이 얼른 가능하면 좋겠어요 (프로필 누르면 상대방 꺼 보기),6기,부정,기타,
올린 게시글 수정하기 기능!,6기,부정,기타,
가끔 인코딩 되다가 스토리가 올라가지 않고 없어질때가 있어요(스토리 인코딩오류 아이폰12프로),6기,부정,기타,
달력형식으로 전체적으로 간단하게 기록을 볼 수 있는 페이지가 있었으면 좋겠어요~,6기,부정,기타,
더 귀여운 템플릿이랑 스티커가 나왔으면 좋겠어요~: ),6기,부정,기타,
태그 까먹고 업로드하는 경우 꽤 많아서 ㅠ 수정기능이요 ㅎㅎ,6기,부정,기타,
알림창에 댓글이나 좋아요 단 친구들 피드로 바로 넘어가서 소통이 자유롭고 쉬웠으면 좋겠어요!,6기,부정,기타,
글꼴과 말풍선의 다양성,6기,부정,기타,
미션에 관련된 건데요 두가지 중에 하나를 선택해서 하는 건 어떨까요? 다양하게 아이디어가 나올 것 같기도 해서요,6기,부정,기타,
텍스트 추가할 때 자동 수평 조절이 됐으면 좋겠어요!,6기,부정,기타,
동영상에 음악넣기가됐음좋겠아용  ,6기,부정,기타,
폰에 저장이 되면 좋겠어요,6기,부정,기타,
반려동물 피드 볼 때에 스크롤으로 다른 피드로 넘어갈 수 있으면 편할 것 같아요. 뒤로 버튼으로 가서 보는거 말구요.,6기,부정,기타,
스티커 더 많이 내주세요 >.<,6기,부정,기타,
최근에 쓴 태그를 바로 쓸 수 있는 기능이 추가 되었으면 좋겠어요-!,6기,부정,기타,
감정 스티커에 말풍선으로 ”서운해“ ”고마워“ ”삐짐“ 등 이런거 있음 귀여울거 같아요,6기,부정,기타,
내용글 수정되었으면 젛겠어요ㅠㅠㅠ,6기,부정,기타,
이모티콘같은 기능많이 있었으면 좋겠어요!,6기,부정,기타,
임시저장을 갯수가 좀 더 있었음 좋겠습니다,6기,부정,기타,
영상올릴때 음소거 기능같은건 없을까요?아님 볼륨 줄이기 같은거요,6기,부정,기타,
다양한 알파벳 스티커가 나왔으면 좋겠어요!^^,6기,부정,기타,
스몰스만의 사진 정리 하는 곳이 있었으면 좋겠어요!,6기,부정,기타,
친구들과 소통할 수 있는 부분이 활성화 되었으면 좋겠어요 아직까진 그냥 내꺼만 올리고 최신글 몇개 보는게 다라서 쌍방 소통 가능하게끔 하면 더 자주 사용할 것 같아요 ◡̈ ,6기,부정,기타,
스토리 수정/사진추가,6기,부정,기타,
동영상편집,6기,부정,기타,
스티커 색이 쨍해서 사진과 따로 노는 느낌일 때가 있어요.스티커의 투명도도 설정됬으면. ..,6기,부정,기타,
두둥등장템플릿 집중포지션 위치 수정되면 좋겠어요.,6기,부정,기타,
"인생네컷, 학교(칠판 ,강의느낌 템플릿),홈쇼핑 템플릿",6기,부정,기타,
사용하다보니...앱을 꼭 써야하는 목적이 조금 알기 힘들어졌어요. 단순 스토리 공유에서 그칠것 같은 기분도 들고 실제로 제가 일상속에서 여기서 소통을 더 원활히 하고파도 손이 많이 안가는데 그게 여기에 지인들 유입이 어려워서가 아닌가 생각도 들어요,6기,부정,기타,
인스타처럼 필터적용되는 카메라기능이 있으면 좋겠어요!,6기,부정,기타,
스티커 회전을 어떻게 하는지 모르겠어요ㅠㅠ,6기,부정,기타,
간결한 템플릿이 더 많이 생겼으면 좋겠어용 :),6기,부정,기타,
"7차 피드백 질문 : 반려동물 친구들의 사진, 동영상을 많이 촬영하고 스마트폰에 보관 중이실 텐데요,
보호자 여러분 스마트폰에 보관되어 있는 반려동물 친구들의 사진과 영상을 스몰스가 어떤 식으로 도움을 드려야 할지 스꾸친 분들의 소중한 의견 부탁드립니다!
(뭐든지 다 가능합니다! 다양하고 많은 의견 주시면 감사하겠습니다!)",,,기타,
월별로 묶을 수 있다면 좋을것같아요-!!,6기,부정,기타,
스몰스 유료 구독 가입 시 구글포토 무료 드라이브 용량 지급..?,6기,부정,기타,
 적립 포인트 같은건 어떨까요,6기,부정,기타,
저는 지금 해주고 계신 스마트앨범으로 충분히 만족합니당!ㅋㅋ,6기,긍정,기타,
스몰스에 올렸던 사진과 영상을 갤러리에 따로 저장해주는 기능요. 인스타그램처럼..!! ,6기,부정,기타,
"장르별, 계절별 등 구분해서 스마트앨범을 사용하는것도 좋을거같아요~동영상도 편집해서 다양하게 꾸며서 스토리에 올릴수있으면 좋겠어여~늘 멋진 스몰스 응원해요 :)",6기,부정,기타,
"사진 추가시, 내 디바이스,스마트앨범 외, 인스타처럼 즐겨찾는 항목의 그런 부분이 있었으면 좋겠어요. 저 같은 경우는 올릴 사진을 즐겨찾는 항목의 좋아요누르고,즐겨찾는 항목을 선택하고 사진을 올리는데,스몰스는 그런 부분이 없어, 좀 불편했어요",6기,부정,기타,
파일올리면 날짜별로 알아서 나눠지는건 어떨까요?🥹,6기,부정,기타,
"폴더 만들어 따로 구분할수 있게
인식되서 자동구분되면 좋겠어요.",6기,부정,기타,
일자별로 구분해서 보여졌음 좋겠어요,6기,부정,기타,
편집이 용이했음 좋겠습니다 찍어둔 영상이 길어서 편집하는데 시간이 좀 걸리네요,6기,부정,기타,
계절별로 나뉠 수 있게 하면 좋을 거 같아요 🍏💗💗,6기,부정,기타,
드라이브 형식으로 보관할수있는 기능이요!,6기,부정,기타,
사진을 올려도 다른 사람들과 소통이 되는 느낌이 아니라 올리는 의미가 좀 없는 것 같아요(그냥 자기만족?) 뭔가 내가 왜 이거를 사용해야하는지 딱 무언가 이유가 있으면 좋겠는데 말로 풀자고하니 어렵네요🤣,6기,부정,기타,
일기장 형태로 분류 되면 추억을 회상하는데 좋을거 같아요~ 그래서 나중에 일기장도 책같은 형태로 살수 있게끔도 하구요!,6기,부정,기타,
잦은 오류 개선이 필요할것 같아요,5기 설문,부정,앱 성능/안정성,오류 개선
애견동반 장소에 대한 정보가 추가되어도 좋을것같아요!,5기 설문,부정,기타,기능 추가 (애견 동반장소 정보)
가끔 에러가 있는데 그 에러 문제만 해결된다면 좋을듯,5기 설문,부정,앱 성능/안정성,오류 개선
12주동안 체험해 보면서 너무 재미있게 사용했습니다! 나의 피드에 댓글을 달아주거나 좋아요 누른 사람의 피드로 바로 넘어가거나 하는 빠른 소통 방법이 있었으면 하는 바램이 있었습니다! 그 외에는 꾸준히 업데이트가 되고 있는 스티커 탬플릿이 재미있고 흥미로웠어요^^,5기 설문,부정,소통 기능 부족,유저 인터렉션 기능
"아직은 오류가 많고, 스티커나 레이아웃이 심플하기보단 캐릭터성이 짙어 호불호가 있을 것 같다.",5기 설문,부정,앱 성능/안정성,오류 개선
겔러리 꾸미기가 좀 더 디테일하게 사용가능하고 꾸미기 기능이 다양했으면 함. 다양하고 정확한 정보공유(지역별 정보) 제품판매도 가능하면 좋을거같음. ,5기 설문,부정,꾸미기 기능 부족,"꾸미기 기능, 기능 추가 (지역정보 공유, 제품판매)"
"더 많은 꾸미기 기능, 동영상 꾸미기 기능",5기 설문,부정,꾸미기 기능 부족,꾸미기 기능
반려동물 사진첩을 앨범으로 만들어 받아보는 서비스,5기 설문,부정,기타,기능 추가 (사진을 실물 앨범으로 만드는 서비스)
"스몰스를 키면 맨날 첫번째 화면부터
앱버전업데이트& 점검을 매번 하는데
사실 성격이 급하다보니.. 이런걸 잘 못기다리겠어요 ㅠ
반대로 인스타는 키면 몇초도 안걸려서
뉴스피드랑 디엠창으로 넘어갈수있기때문에
인스타를 주로 하게되는거 같아요",5기 설문,부정,앱 성능/안정성,앱 속도 개선
"댓글창에서 사용자 이름이나 플필사진을 누르면 그 사람 프로필로 바로 이동됐으면 합니다.
현재 댓글이나 게시물 글자수 제한이 있는게 상당히 불편합니다.",5기 설문,부정,기록 경험 불편,"유저 인터렉션 기능, 댓글 기능, 게시물 작성 기능"
"앱의 속도, ",5기 설문,부정,앱 성능/안정성,앱 속도 개선
텍스트 자동 엔터 삭제 해쥬세요ㅜ 글자색도 다양했으면 좋겠어용,5기 설문,부정,꾸미기 기능 부족,꾸미기 기능
앱에 오류가 적어야함,5기 설문,부정,꾸미기 기능 부족,"오류 개선, 꾸미기 기능"
꾸미기 오류 개선이 아직 더 필요할 것 같아요..!,5기 설문,부정,꾸미기 기능 부족,꾸미기 기능
공유 기능이 다양했으면 좋겠습니다 😀,5기 설문,부정,소통 기능 부족,유저 인터렉션 기능
"많은 기능이 탑재되면 좋을 것 같다(동반장소 검색, 정보 공유 등)",5기 설문,부정,소통 기능 부족,"기능 추가 (정보 공유, 동반 장소 검색)"
오류수정,5기 설문,부정,앱 성능/안정성,오류 개선
"일단 스몰스를 이용하는 유저가 많으면 좋을거 같아요!누가 나를 팔로우 하거나 사진에 좋아요 댓글 등을 누르면 그 유저의 스토리에 바로 접근할수있으면 좋겠어요
더 빠르고 많은 소통이 가능할거같아요!
고양이와 며칠째 이런 디데이 기능도 좀 더 잘볼수있는곳에 있으면 좋을거같아요! 
앞으로도 유저들의 의견 잘들어주시고 반영해주시면 많은 유저들이 생길거같아요! 
그동안 너무 감사했어요 좋은추억이었습니다 🥰♥️",5기 설문,부정,소통 기능 부족,"유저 인터렉션 기능, 기능 추가 (캘린더&디데이기능)"
사용하면서 불편했던점이 없긴한데 ! 굳이 하나를 만들자면 다른 어플들에 비해서는 오류가 잦은편 ..?! 인것 같아요 ㅎㅎ ,5기 설문,부정,앱 성능/안정성,오류 개선
오류 개선이 가장 급한 것 같아요 기존에 다른 어플을 사용할 때도 제대로 작동이 안 되면 손이 잘 안가더라구요,5기 설문,부정,앱 성능/안정성,오류 개선
꾸미기 기능에 더 중점을 두고 유행하는 밈이 더 생기면 좋을거같아용 스몰스 화이팅입니당! 💓 그동안 감사했습니다. 스몰스의 영원한 스꾸친이 될게요 자주 앱 이용하겟습니다,5기 설문,부정,꾸미기 기능 부족,꾸미기 기능 (밈 관련)
" UI, 속도 등 앱 성능 개선",5기 설문,부정,앱 성능/안정성,"오류 개선, 앱 속도 개선, UIUX"
"스몰스만의 귀엽고 개성있는 템플릿이 더 특성화되면 좋을것같아요❤️(스몰스 로고 박힌)
편집에 약한 보호자를 위해 사진만 넣으면 알아서 귀여운 사진으로 되는 템플릿(카툰컷 버전, 인형뽑기버전, 경생네컷 버전, 시즌별 등등)이 더 많아지면 좋을것같아요>.<
그 사진으로 인스타나 다른 sns에서 공유도 하면 더 인지도 높아지고 좋을것같아요!",5기 설문,부정,꾸미기 기능 부족,꾸미기 기능
좀 더 심플하게 바뀌면 좋을 것 같아요. ,5기 설문,부정,앱 성능/안정성,UIUX
로딩? 시간이빨랐으면좋겠어요!,5기 설문,부정,앱 성능/안정성,앱 속도 개선
일단 수정기능이 없어서 너무 불편해요,5기 설문,부정,기록 경험 불편,게시물 작성 기능
"스몰스 어플 내에서 아이들 관련한 내용을 기록하고 알람으로 알려준다면 좋을 것 같아요
예를 들어 아이 접종일을 기록하고 1년이 지나면 알려 준다거나 화장실 전체갈이를 언제했고 언제 또 하라고 알려주거나 목욕날짜 기록 등등 아이들 관련한 내용을 기록하고 쉽게 볼 수 있으면 좋을 것 같아요
혹시 몸무게 기록하고 변화를 체크하도록 해서 아이들의 성장을 기록 하고 건강도 체크 할 수 있는 정보도 제공해 주면 좋을 것 같아요",5기 설문,부정,기타,"기능 추가 (캘린더, 알람, 건강기록)"
